ISO-10303-21;
HEADER;
FILE_DESCRIPTION (( 'STEP AP203' ),
    '1' );
FILE_NAME ('D2MQ_1L.step',
    '2013-07-18T11:11:35',
    ( 'OSMC1.0   TAKUMI' ),
    ( 'TAKUMI-Engniaring' ),
    'SwSTEP 2.0',
    'SolidWorks 2002025',
    '' );
FILE_SCHEMA (( 'CONFIG_CONTROL_DESIGN' ));
ENDSEC;

DATA;
#1 = VERTEX_POINT ( 'NONE', #223 ) ;
#2 = ORIENTED_EDGE ( 'NONE', *, *, #396, .F. ) ;
#3 = ORIENTED_EDGE ( 'NONE', *, *, #633, .F. ) ;
#4 = EDGE_CURVE ( 'NONE', #358, #70, #240, .T. ) ;
#5 = EDGE_CURVE ( 'NONE', #507, #1523, #244, .T. ) ;
#6 = ADVANCED_FACE ( 'NONE', ( #248 ), #252, .T. ) ;
#7 = ORIENTED_EDGE ( 'NONE', *, *, #14, .F. ) ;
#8 = ORIENTED_EDGE ( 'NONE', *, *, #798, .F. ) ;
#9 = ORIENTED_EDGE ( 'NONE', *, *, #204, .T. ) ;
#10 = ADVANCED_FACE ( 'NONE', ( #276 ), #277, .F. ) ;
#11 = EDGE_CURVE ( 'NONE', #1604, #177, #294, .T. ) ;
#12 = ORIENTED_EDGE ( 'NONE', *, *, #74, .F. ) ;
#13 = EDGE_LOOP ( 'NONE', ( #95, #197, #926, #1304 ) ) ;
#14 = EDGE_CURVE ( 'NONE', #1603, #177, #330, .T. ) ;
#15 = ORIENTED_EDGE ( 'NONE', *, *, #634, .F. ) ;
#16 = ORIENTED_EDGE ( 'NONE', *, *, #1593, .T. ) ;
#17 = EDGE_CURVE ( 'NONE', #1599, #206, #336, .T. ) ;
#18 = ORIENTED_EDGE ( 'NONE', *, *, #190, .F. ) ;
#19 = EDGE_LOOP ( 'NONE', ( #12, #80 ) ) ;
#20 = VERTEX_POINT ( 'NONE', #342 ) ;
#21 = VERTEX_POINT ( 'NONE', #344 ) ;
#22 = EDGE_LOOP ( 'NONE', ( #127, #981, #8, #1607 ) ) ;
#23 = ORIENTED_EDGE ( 'NONE', *, *, #1586, .F. ) ;
#24 = ORIENTED_EDGE ( 'NONE', *, *, #53, .F. ) ;
#25 = VERTEX_POINT ( 'NONE', #352 ) ;
#26 = EDGE_CURVE ( 'NONE', #359, #76, #357, .T. ) ;
#27 = ORIENTED_EDGE ( 'NONE', *, *, #163, .F. ) ;
#28 = ADVANCED_FACE ( 'NONE', ( #408 ), #409, .F. ) ;
#29 = EDGE_CURVE ( 'NONE', #177, #524, #426, .T. ) ;
#30 = ORIENTED_EDGE ( 'NONE', *, *, #399, .T. ) ;
#31 = VERTEX_POINT ( 'NONE', #452 ) ;
#32 = ADVANCED_FACE ( 'NONE', ( #453 ), #458, .F. ) ;
#33 = EDGE_CURVE ( 'NONE', #231, #1497, #463, .T. ) ;
#34 = ORIENTED_EDGE ( 'NONE', *, *, #115, .T. ) ;
#35 = VERTEX_POINT ( 'NONE', #473 ) ;
#36 = ORIENTED_EDGE ( 'NONE', *, *, #53, .T. ) ;
#37 = ADVANCED_FACE ( 'NONE', ( #518 ), #519, .F. ) ;
#38 = EDGE_CURVE ( 'NONE', #795, #70, #536, .T. ) ;
#39 = ORIENTED_EDGE ( 'NONE', *, *, #118, .F. ) ;
#40 = VERTEX_POINT ( 'NONE', #563 ) ;
#41 = ADVANCED_FACE ( 'NONE', ( #564 ), #565, .F. ) ;
#42 = ORIENTED_EDGE ( 'NONE', *, *, #816, .F. ) ;
#43 = ORIENTED_EDGE ( 'NONE', *, *, #834, .T. ) ;
#44 = ORIENTED_EDGE ( 'NONE', *, *, #11, .T. ) ;
#45 = ORIENTED_EDGE ( 'NONE', *, *, #1493, .F. ) ;
#46 = EDGE_CURVE ( 'NONE', #183, #376, #597, .T. ) ;
#47 = EDGE_LOOP ( 'NONE', ( #142, #1590, #161, #232 ) ) ;
#48 = ADVANCED_FACE ( 'NONE', ( #619 ), #620, .F. ) ;
#49 = ORIENTED_EDGE ( 'NONE', *, *, #1499, .T. ) ;
#50 = EDGE_LOOP ( 'NONE', ( #435, #526, #835, #1544 ) ) ;
#51 = EDGE_LOOP ( 'NONE', ( #185, #1302, #77, #1531 ) ) ;
#52 = ADVANCED_FACE ( 'NONE', ( #694 ), #695, .F. ) ;
#53 = EDGE_CURVE ( 'NONE', #341, #359, #700, .T. ) ;
#54 = ORIENTED_EDGE ( 'NONE', *, *, #1392, .F. ) ;
#55 = EDGE_CURVE ( 'NONE', #40, #1461, #733, .T. ) ;
#56 = ORIENTED_EDGE ( 'NONE', *, *, #159, .T. ) ;
#57 = VERTEX_POINT ( 'NONE', #740 ) ;
#58 = ORIENTED_EDGE ( 'NONE', *, *, #853, .T. ) ;
#59 = EDGE_LOOP ( 'NONE', ( #418, #1605, #215, #200 ) ) ;
#60 = ORIENTED_EDGE ( 'NONE', *, *, #5, .T. ) ;
#61 = EDGE_LOOP ( 'NONE', ( #16, #652, #1532, #1533 ) ) ;
#62 = ORIENTED_EDGE ( 'NONE', *, *, #209, .T. ) ;
#63 = ORIENTED_EDGE ( 'NONE', *, *, #204, .F. ) ;
#64 = VERTEX_POINT ( 'NONE', #803 ) ;
#65 = ADVANCED_FACE ( 'NONE', ( #804 ), #805, .F. ) ;
#66 = ORIENTED_EDGE ( 'NONE', *, *, #194, .F. ) ;
#67 = EDGE_CURVE ( 'NONE', #126, #40, #817, .T. ) ;
#68 = EDGE_CURVE ( 'NONE', #1523, #99, #821, .T. ) ;
#69 = ORIENTED_EDGE ( 'NONE', *, *, #68, .F. ) ;
#70 = VERTEX_POINT ( 'NONE', #825 ) ;
#71 = ORIENTED_EDGE ( 'NONE', *, *, #1541, .F. ) ;
#72 = VERTEX_POINT ( 'NONE', #830 ) ;
#73 = ORIENTED_EDGE ( 'NONE', *, *, #67, .F. ) ;
#74 = EDGE_CURVE ( 'NONE', #1589, #1057, #831, .T. ) ;
#75 = EDGE_LOOP ( 'NONE', ( #132, #1536, #398, #1322 ) ) ;
#76 = VERTEX_POINT ( 'NONE', #840 ) ;
#77 = ORIENTED_EDGE ( 'NONE', *, *, #1391, .F. ) ;
#78 = EDGE_CURVE ( 'NONE', #799, #20, #841, .T. ) ;
#79 = EDGE_LOOP ( 'NONE', ( #143, #84 ) ) ;
#80 = ORIENTED_EDGE ( 'NONE', *, *, #209, .F. ) ;
#81 = ORIENTED_EDGE ( 'NONE', *, *, #14, .T. ) ;
#82 = VERTEX_POINT ( 'NONE', #849 ) ;
#83 = EDGE_CURVE ( 'NONE', #1508, #103, #857, .T. ) ;
#84 = ORIENTED_EDGE ( 'NONE', *, *, #1577, .T. ) ;
#85 = ADVANCED_FACE ( 'NONE', ( #861, #862, #863 ), #864, .T. ) ;
#86 = ORIENTED_EDGE ( 'NONE', *, *, #205, .F. ) ;
#87 = EDGE_CURVE ( 'NONE', #454, #1461, #869, .T. ) ;
#88 = ORIENTED_EDGE ( 'NONE', *, *, #105, .T. ) ;
#89 = ORIENTED_EDGE ( 'NONE', *, *, #1553, .T. ) ;
#90 = ORIENTED_EDGE ( 'NONE', *, *, #172, .T. ) ;
#91 = EDGE_CURVE ( 'NONE', #1556, #1540, #884, .T. ) ;
#92 = ADVANCED_FACE ( 'NONE', ( #893 ), #894, .F. ) ;
#93 = EDGE_LOOP ( 'NONE', ( #184, #1542, #173, #156 ) ) ;
#94 = EDGE_CURVE ( 'NONE', #1160, #1462, #899, .T. ) ;
#95 = ORIENTED_EDGE ( 'NONE', *, *, #1611, .T. ) ;
#96 = ORIENTED_EDGE ( 'NONE', *, *, #149, .T. ) ;
#97 = ORIENTED_EDGE ( 'NONE', *, *, #394, .F. ) ;
#98 = ORIENTED_EDGE ( 'NONE', *, *, #816, .T. ) ;
#99 = VERTEX_POINT ( 'NONE', #913 ) ;
#100 = EDGE_CURVE ( 'NONE', #124, #186, #914, .T. ) ;
#101 = ORIENTED_EDGE ( 'NONE', *, *, #1576, .F. ) ;
#102 = ORIENTED_EDGE ( 'NONE', *, *, #4, .T. ) ;
#103 = VERTEX_POINT ( 'NONE', #922 ) ;
#104 = EDGE_LOOP ( 'NONE', ( #982, #187, #1549, #182 ) ) ;
#105 = EDGE_CURVE ( 'NONE', #1019, #710, #930, .T. ) ;
#106 = EDGE_CURVE ( 'NONE', #126, #454, #934, .T. ) ;
#107 = EDGE_CURVE ( 'NONE', #1195, #72, #938, .T. ) ;
#108 = ORIENTED_EDGE ( 'NONE', *, *, #1509, .T. ) ;
#109 = ADVANCED_FACE ( 'NONE', ( #956 ), #957, .F. ) ;
#110 = ADVANCED_FACE ( 'NONE', ( #963 ), #965, .F. ) ;
#111 = ORIENTED_EDGE ( 'NONE', *, *, #1611, .F. ) ;
#112 = ORIENTED_EDGE ( 'NONE', *, *, #1493, .T. ) ;
#113 = ORIENTED_EDGE ( 'NONE', *, *, #190, .T. ) ;
#114 = EDGE_LOOP ( 'NONE', ( #1002, #947, #45, #927, #39, #906, #1602, #872 ) ) ;
#115 = EDGE_CURVE ( 'NONE', #70, #72, #976, .T. ) ;
#116 = ORIENTED_EDGE ( 'NONE', *, *, #38, .T. ) ;
#117 = ORIENTED_EDGE ( 'NONE', *, *, #29, .F. ) ;
#118 = EDGE_CURVE ( 'NONE', #1, #1507, #986, .T. ) ;
#119 = ORIENTED_EDGE ( 'NONE', *, *, #396, .T. ) ;
#120 = ADVANCED_FACE ( 'NONE', ( #992, #993, #994 ), #995, .F. ) ;
#121 = EDGE_CURVE ( 'NONE', #1566, #76, #1004, .T. ) ;
#122 = ORIENTED_EDGE ( 'NONE', *, *, #131, .T. ) ;
#123 = MANIFOLD_SOLID_BREP ( 'NONE', #1529 ) ;
#124 = VERTEX_POINT ( 'NONE', #1008 ) ;
#125 = VERTEX_POINT ( 'NONE', #1018 ) ;
#126 = VERTEX_POINT ( 'NONE', #1022 ) ;
#127 = ORIENTED_EDGE ( 'NONE', *, *, #1515, .T. ) ;
#128 = ORIENTED_EDGE ( 'NONE', *, *, #1506, .F. ) ;
#129 = ADVANCED_FACE ( 'NONE', ( #1024 ), #1025, .F. ) ;
#130 = EDGE_CURVE ( 'NONE', #688, #1540, #1031, .T. ) ;
#131 = EDGE_CURVE ( 'NONE', #99, #231, #1035, .T. ) ;
#132 = ORIENTED_EDGE ( 'NONE', *, *, #613, .T. ) ;
#133 = ORIENTED_EDGE ( 'NONE', *, *, #55, .T. ) ;
#134 = ORIENTED_EDGE ( 'NONE', *, *, #251, .F. ) ;
#135 = ORIENTED_EDGE ( 'NONE', *, *, #194, .T. ) ;
#136 = ORIENTED_EDGE ( 'NONE', *, *, #1593, .F. ) ;
#137 = ADVANCED_FACE ( 'NONE', ( #1045 ), #1046, .F. ) ;
#138 = ORIENTED_EDGE ( 'NONE', *, *, #176, .T. ) ;
#139 = EDGE_CURVE ( 'NONE', #1500, #1, #1055, .T. ) ;
#140 = ORIENTED_EDGE ( 'NONE', *, *, #139, .F. ) ;
#141 = EDGE_CURVE ( 'NONE', #222, #358, #1071, .T. ) ;
#142 = ORIENTED_EDGE ( 'NONE', *, *, #1541, .T. ) ;
#143 = ORIENTED_EDGE ( 'NONE', *, *, #925, .T. ) ;
#144 = ORIENTED_EDGE ( 'NONE', *, *, #1442, .F. ) ;
#145 = ADVANCED_FACE ( 'NONE', ( #1080 ), #1081, .F. ) ;
#146 = ADVANCED_FACE ( 'NONE', ( #1094 ), #1095, .F. ) ;
#147 = EDGE_CURVE ( 'NONE', #322, #1, #1100, .T. ) ;
#148 = ORIENTED_EDGE ( 'NONE', *, *, #68, .T. ) ;
#149 = EDGE_CURVE ( 'NONE', #1527, #507, #1104, .T. ) ;
#150 = EDGE_CURVE ( 'NONE', #125, #124, #1108, .T. ) ;
#151 = ORIENTED_EDGE ( 'NONE', *, *, #121, .T. ) ;
#152 = ADVANCED_FACE ( 'NONE', ( #1112 ), #1113, .T. ) ;
#153 = VERTEX_POINT ( 'NONE', #1119 ) ;
#154 = ORIENTED_EDGE ( 'NONE', *, *, #613, .F. ) ;
#155 = ORIENTED_EDGE ( 'NONE', *, *, #762, .T. ) ;
#156 = ORIENTED_EDGE ( 'NONE', *, *, #1552, .T. ) ;
#157 = ADVANCED_FACE ( 'NONE', ( #475 ), #476, .F. ) ;
#158 = EDGE_LOOP ( 'NONE', ( #42, #1125, #135, #211 ) ) ;
#159 = EDGE_CURVE ( 'NONE', #220, #21, #482, .T. ) ;
#160 = ORIENTED_EDGE ( 'NONE', *, *, #1391, .T. ) ;
#161 = ORIENTED_EDGE ( 'NONE', *, *, #78, .F. ) ;
#162 = ORIENTED_EDGE ( 'NONE', *, *, #762, .F. ) ;
#163 = EDGE_CURVE ( 'NONE', #1462, #1604, #496, .T. ) ;
#164 = EDGE_LOOP ( 'NONE', ( #595, #1213, #1613, #1559 ) ) ;
#165 = ORIENTED_EDGE ( 'NONE', *, *, #1074, .F. ) ;
#166 = ORIENTED_EDGE ( 'NONE', *, *, #33, .F. ) ;
#167 = ORIENTED_EDGE ( 'NONE', *, *, #107, .T. ) ;
#168 = VERTEX_POINT ( 'NONE', #510 ) ;
#169 = EDGE_LOOP ( 'NONE', ( #928, #1557, #18, #44 ) ) ;
#170 = VERTEX_POINT ( 'NONE', #517 ) ;
#171 = EDGE_CURVE ( 'NONE', #341, #1566, #527, .T. ) ;
#172 = EDGE_CURVE ( 'NONE', #855, #168, #532, .T. ) ;
#173 = ORIENTED_EDGE ( 'NONE', *, *, #172, .F. ) ;
#174 = EDGE_CURVE ( 'NONE', #1527, #1596, #540, .T. ) ;
#175 = EDGE_LOOP ( 'NONE', ( #1339, #86, #964, #1595 ) ) ;
#176 = EDGE_CURVE ( 'NONE', #168, #322, #550, .T. ) ;
#177 = VERTEX_POINT ( 'NONE', #562 ) ;
#178 = ADVANCED_FACE ( 'NONE', ( #575 ), #576, .F. ) ;
#179 = VERTEX_POINT ( 'NONE', #582 ) ;
#180 = EDGE_CURVE ( 'NONE', #179, #322, #583, .T. ) ;
#181 = ORIENTED_EDGE ( 'NONE', *, *, #83, .T. ) ;
#182 = ORIENTED_EDGE ( 'NONE', *, *, #1587, .T. ) ;
#183 = VERTEX_POINT ( 'NONE', #587 ) ;
#184 = ORIENTED_EDGE ( 'NONE', *, *, #180, .T. ) ;
#185 = ORIENTED_EDGE ( 'NONE', *, *, #33, .T. ) ;
#186 = VERTEX_POINT ( 'NONE', #640 ) ;
#187 = ORIENTED_EDGE ( 'NONE', *, *, #1552, .F. ) ;
#188 = ADVANCED_FACE ( 'NONE', ( #658, #659, #660, #661 ), #662, .F. ) ;
#189 = EDGE_CURVE ( 'NONE', #170, #179, #675, .T. ) ;
#190 = EDGE_CURVE ( 'NONE', #1604, #125, #679, .T. ) ;
#191 = EDGE_CURVE ( 'NONE', #216, #99, #683, .T. ) ;
#192 = VERTEX_POINT ( 'NONE', #687 ) ;
#193 = EDGE_LOOP ( 'NONE', ( #151, #1303, #24, #1538 ) ) ;
#194 = EDGE_CURVE ( 'NONE', #21, #1589, #704, .T. ) ;
#195 = EDGE_LOOP ( 'NONE', ( #34, #615, #711, #116 ) ) ;
#196 = EDGE_CURVE ( 'NONE', #359, #82, #723, .T. ) ;
#197 = ORIENTED_EDGE ( 'NONE', *, *, #5, .F. ) ;
#198 = ORIENTED_EDGE ( 'NONE', *, *, #1495, .F. ) ;
#199 = ORIENTED_EDGE ( 'NONE', *, *, #525, .T. ) ;
#200 = ORIENTED_EDGE ( 'NONE', *, *, #1573, .F. ) ;
#201 = ORIENTED_EDGE ( 'NONE', *, *, #1489, .T. ) ;
#202 = ORIENTED_EDGE ( 'NONE', *, *, #4, .F. ) ;
#203 = ORIENTED_EDGE ( 'NONE', *, *, #1460, .T. ) ;
#204 = EDGE_CURVE ( 'NONE', #72, #206, #766, .T. ) ;
#205 = EDGE_CURVE ( 'NONE', #192, #31, #770, .T. ) ;
#206 = VERTEX_POINT ( 'NONE', #778 ) ;
#207 = ORIENTED_EDGE ( 'NONE', *, *, #163, .T. ) ;
#208 = ORIENTED_EDGE ( 'NONE', *, *, #191, .T. ) ;
#209 = EDGE_CURVE ( 'NONE', #1057, #1589, #783, .T. ) ;
#210 = ADVANCED_FACE ( 'NONE', ( #792 ), #793, .T. ) ;
#211 = ORIENTED_EDGE ( 'NONE', *, *, #74, .T. ) ;
#212 = EDGE_LOOP ( 'NONE', ( #1231, #154, #117, #7, #136, #1510 ) ) ;
#213 = ADVANCED_FACE ( 'NONE', ( #224 ), #225, .T. ) ;
#214 = EDGE_LOOP ( 'NONE', ( #691, #98, #62, #66 ) ) ;
#215 = ORIENTED_EDGE ( 'NONE', *, *, #394, .T. ) ;
#216 = VERTEX_POINT ( 'NONE', #233 ) ;
#217 = ORIENTED_EDGE ( 'NONE', *, *, #1460, .F. ) ;
#218 = ADVANCED_FACE ( 'NONE', ( #234 ), #235, .F. ) ;
#219 = ORIENTED_EDGE ( 'NONE', *, *, #634, .T. ) ;
#220 = VERTEX_POINT ( 'NONE', #257 ) ;
#221 = ADVANCED_FACE ( 'NONE', ( #258, #259 ), #260, .F. ) ;
#222 = VERTEX_POINT ( 'NONE', #265 ) ;
#223 = CARTESIAN_POINT ( 'NONE',  ( 6.479854762905019600, 4.341456296809195000, -1.200000000000000000 ) ) ;
#224 = FACE_OUTER_BOUND ( 'NONE', #1608, .T. ) ;
#225 = CYLINDRICAL_SURFACE ( 'NONE', #226, 0.5999999999999998700 ) ;
#226 = AXIS2_PLACEMENT_3D ( 'NONE', #227, #228, #229 ) ;
#227 = CARTESIAN_POINT ( 'NONE',  ( 5.930583557823969600, 4.100000000000000500, 1.200000000000000000 ) ) ;
#228 = DIRECTION ( 'NONE',  ( 0.0000000000000000000, 0.0000000000000000000, -1.000000000000000000 ) ) ;
#229 = DIRECTION ( 'NONE',  ( -1.000000000000000000, 0.0000000000000000000, 0.0000000000000000000 ) ) ;
#230 = ORIENTED_EDGE ( 'NONE', *, *, #46, .F. ) ;
#231 = VERTEX_POINT ( 'NONE', #266 ) ;
#232 = ORIENTED_EDGE ( 'NONE', *, *, #999, .T. ) ;
#233 = CARTESIAN_POINT ( 'NONE',  ( -3.050000000000000300, 4.450000000000000200, 1.350000000000000100 ) ) ;
#234 = FACE_OUTER_BOUND ( 'NONE', #61, .T. ) ;
#235 = PLANE ( 'NONE',  #236 ) ;
#236 = AXIS2_PLACEMENT_3D ( 'NONE', #237, #238, #239 ) ;
#237 = CARTESIAN_POINT ( 'NONE',  ( -3.774354240089245100, 5.308447368305819800, 0.4000000000000000200 ) ) ;
#238 = DIRECTION ( 'NONE',  ( -0.6891143997768710600, -0.7246525678007100800, 0.0000000000000000000 ) ) ;
#239 = DIRECTION ( 'NONE',  ( 0.7246525678007100800, -0.6891143997768710600, 0.0000000000000000000 ) ) ;
#240 = LINE ( 'NONE', #241, #242 ) ;
#241 = CARTESIAN_POINT ( 'NONE',  ( -4.899999999999999500, -1.600000000000000100, -0.2999999999999999900 ) ) ;
#242 = VECTOR ( 'NONE', #243, 1000.000000000000000 ) ;
#243 = DIRECTION ( 'NONE',  ( 2.797941090285175100E-016, -1.000000000000000000, 0.0000000000000000000 ) ) ;
#244 = LINE ( 'NONE', #245, #246 ) ;
#245 = CARTESIAN_POINT ( 'NONE',  ( 2.100000000000000100, 4.450000000000000200, 1.350000000000000100 ) ) ;
#246 = VECTOR ( 'NONE', #247, 1000.000000000000000 ) ;
#247 = DIRECTION ( 'NONE',  ( 0.0000000000000000000, 0.0000000000000000000, -1.000000000000000000 ) ) ;
#248 = FACE_OUTER_BOUND ( 'NONE', #1581, .T. ) ;
#249 = EDGE_LOOP ( 'NONE', ( #96, #219, #119, #160, #397, #1340 ) ) ;
#250 = ORIENTED_EDGE ( 'NONE', *, *, #115, .F. ) ;
#251 = EDGE_CURVE ( 'NONE', #153, #1507, #267, .T. ) ;
#252 = CYLINDRICAL_SURFACE ( 'NONE', #253, 0.5999999999999998700 ) ;
#253 = AXIS2_PLACEMENT_3D ( 'NONE', #254, #255, #256 ) ;
#254 = CARTESIAN_POINT ( 'NONE',  ( 5.930583557823969600, 4.100000000000000500, 1.200000000000000000 ) ) ;
#255 = DIRECTION ( 'NONE',  ( 0.0000000000000000000, 0.0000000000000000000, -1.000000000000000000 ) ) ;
#256 = DIRECTION ( 'NONE',  ( -1.000000000000000000, 0.0000000000000000000, 0.0000000000000000000 ) ) ;
#257 = CARTESIAN_POINT ( 'NONE',  ( -4.800000000000000700, 9.796850830579014600E-017, -1.350000000000000100 ) ) ;
#258 = FACE_OUTER_BOUND ( 'NONE', #51, .T. ) ;
#259 = FACE_BOUND ( 'NONE', #1520, .T. ) ;
#260 = PLANE ( 'NONE',  #261 ) ;
#261 = AXIS2_PLACEMENT_3D ( 'NONE', #262, #263, #264 ) ;
#262 = CARTESIAN_POINT ( 'NONE',  ( -6.100000000000000500, 4.899999999999999500, 1.350000000000000100 ) ) ;
#263 = DIRECTION ( 'NONE',  ( -2.843808977011160300E-016, -1.000000000000000000, 0.0000000000000000000 ) ) ;
#264 = DIRECTION ( 'NONE',  ( 1.000000000000000000, -2.843808977011160300E-016, 0.0000000000000000000 ) ) ;
#265 = CARTESIAN_POINT ( 'NONE',  ( -4.899999999999999500, -1.600000000000000100, 0.2999999999999999900 ) ) ;
#266 = CARTESIAN_POINT ( 'NONE',  ( -3.050000000000000300, 4.899999999999999500, -1.350000000000000100 ) ) ;
#267 = LINE ( 'NONE', #269, #270 ) ;
#268 = ORIENTED_EDGE ( 'NONE', *, *, #1505, .F. ) ;
#269 = CARTESIAN_POINT ( 'NONE',  ( 5.330583557823970000, 4.100000000000000500, 1.200000000000000000 ) ) ;
#270 = VECTOR ( 'NONE', #271, 1000.000000000000000 ) ;
#271 = DIRECTION ( 'NONE',  ( 0.0000000000000000000, 0.0000000000000000000, -1.000000000000000000 ) ) ;
#272 = LINE ( 'NONE', #273, #274 ) ;
#273 = CARTESIAN_POINT ( 'NONE',  ( -6.100000000000000500, -1.600000000000000100, 1.350000000000000100 ) ) ;
#274 = VECTOR ( 'NONE', #275, 1000.000000000000000 ) ;
#275 = DIRECTION ( 'NONE',  ( 0.0000000000000000000, 0.0000000000000000000, -1.000000000000000000 ) ) ;
#276 = FACE_OUTER_BOUND ( 'NONE', #1571, .T. ) ;
#277 = PLANE ( 'NONE',  #278 ) ;
#278 = AXIS2_PLACEMENT_3D ( 'NONE', #279, #280, #281 ) ;
#279 = CARTESIAN_POINT ( 'NONE',  ( 0.9000000000000000200, -1.600000000000000100, 0.2999999999999999900 ) ) ;
#280 = DIRECTION ( 'NONE',  ( -1.000000000000000000, 2.797941090285175100E-016, 0.0000000000000000000 ) ) ;
#281 = DIRECTION ( 'NONE',  ( -2.797941090285175100E-016, -1.000000000000000000, 0.0000000000000000000 ) ) ;
#282 = CARTESIAN_POINT ( 'NONE',  ( 6.801796491983950900, 3.609094690034460000, -1.200000000000000000 ) ) ;
#283 = CARTESIAN_POINT ( 'NONE',  ( -3.200000000000000200, 0.0000000000000000000, 1.350000000000000100 ) ) ;
#284 = LINE ( 'NONE', #288, #289 ) ;
#285 = ORIENTED_EDGE ( 'NONE', *, *, #889, .F. ) ;
#286 = EDGE_CURVE ( 'NONE', #20, #57, #272, .T. ) ;
#287 = ORIENTED_EDGE ( 'NONE', *, *, #1488, .T. ) ;
#288 = CARTESIAN_POINT ( 'NONE',  ( -4.100000000000000500, -1.600000000000000100, 0.2999999999999999900 ) ) ;
#289 = VECTOR ( 'NONE', #290, 1000.000000000000000 ) ;
#290 = DIRECTION ( 'NONE',  ( 2.797941090285175100E-016, 1.000000000000000000, 0.0000000000000000000 ) ) ;
#291 = CARTESIAN_POINT ( 'NONE',  ( -1.600000000000000100, -4.700000000000000200, 0.2999999999999999900 ) ) ;
#292 = CARTESIAN_POINT ( 'NONE',  ( -4.899999999999999500, -1.600000000000000100, -0.2999999999999999900 ) ) ;
#293 = CARTESIAN_POINT ( 'NONE',  ( -1.600000000000000100, -1.600000000000000100, 0.2999999999999999900 ) ) ;
#294 = LINE ( 'NONE', #295, #296 ) ;
#295 = CARTESIAN_POINT ( 'NONE',  ( -4.325645759910744700, 5.308447368305819800, 0.4000000000000000200 ) ) ;
#296 = VECTOR ( 'NONE', #297, 1000.000000000000000 ) ;
#297 = DIRECTION ( 'NONE',  ( 0.0000000000000000000, 0.0000000000000000000, -1.000000000000000000 ) ) ;
#298 = CARTESIAN_POINT ( 'NONE',  ( 0.9000000000000000200, -4.700000000000000200, -0.2999999999999999900 ) ) ;
#299 = LINE ( 'NONE', #300, #301 ) ;
#300 = CARTESIAN_POINT ( 'NONE',  ( -2.399999999999999900, -1.600000000000000100, 0.2999999999999999900 ) ) ;
#301 = VECTOR ( 'NONE', #302, 1000.000000000000000 ) ;
#302 = DIRECTION ( 'NONE',  ( 0.0000000000000000000, 0.0000000000000000000, -1.000000000000000000 ) ) ;
#303 = LINE ( 'NONE', #306, #307 ) ;
#304 = ORIENTED_EDGE ( 'NONE', *, *, #1487, .T. ) ;
#305 = EDGE_LOOP ( 'NONE', ( #97, #1594, #559, #165 ) ) ;
#306 = CARTESIAN_POINT ( 'NONE',  ( 0.1000000000000036100, -1.600000000000000100, -0.2999999999999999900 ) ) ;
#307 = VECTOR ( 'NONE', #308, 1000.000000000000000 ) ;
#308 = DIRECTION ( 'NONE',  ( -1.000000000000000000, 0.0000000000000000000, 0.0000000000000000000 ) ) ;
#309 = LINE ( 'NONE', #310, #311 ) ;
#310 = CARTESIAN_POINT ( 'NONE',  ( -3.050000000000000300, 4.899999999999999500, 1.350000000000000100 ) ) ;
#311 = VECTOR ( 'NONE', #312, 1000.000000000000000 ) ;
#312 = DIRECTION ( 'NONE',  ( 0.0000000000000000000, 1.000000000000000000, 0.0000000000000000000 ) ) ;
#313 = CIRCLE ( 'NONE', #314, 0.8000000000000000400 ) ;
#314 = AXIS2_PLACEMENT_3D ( 'NONE', #315, #316, #317 ) ;
#315 = CARTESIAN_POINT ( 'NONE',  ( 0.0000000000000000000, 0.0000000000000000000, 1.350000000000000100 ) ) ;
#316 = DIRECTION ( 'NONE',  ( 0.0000000000000000000, 0.0000000000000000000, 1.000000000000000000 ) ) ;
#317 = DIRECTION ( 'NONE',  ( 1.000000000000000000, 0.0000000000000000000, 0.0000000000000000000 ) ) ;
#318 = FACE_OUTER_BOUND ( 'NONE', #1251, .T. ) ;
#319 = PLANE ( 'NONE',  #320 ) ;
#320 = AXIS2_PLACEMENT_3D ( 'NONE', #321, #324, #325 ) ;
#321 = CARTESIAN_POINT ( 'NONE',  ( -3.050000000000000300, 4.899999999999999500, 1.350000000000000100 ) ) ;
#322 = VERTEX_POINT ( 'NONE', #282 ) ;
#323 = EDGE_CURVE ( 'NONE', #1195, #1599, #284, .T. ) ;
#324 = DIRECTION ( 'NONE',  ( -1.000000000000000000, 0.0000000000000000000, 0.0000000000000000000 ) ) ;
#325 = DIRECTION ( 'NONE',  ( 0.0000000000000000000, 0.0000000000000000000, 1.000000000000000000 ) ) ;
#326 = LINE ( 'NONE', #327, #328 ) ;
#327 = CARTESIAN_POINT ( 'NONE',  ( -3.774354240089245100, 5.308447368305819800, -0.4000000000000000200 ) ) ;
#328 = VECTOR ( 'NONE', #329, 1000.000000000000100 ) ;
#329 = DIRECTION ( 'NONE',  ( -0.7246525678007100800, 0.6891143997768710600, 0.0000000000000000000 ) ) ;
#330 = CIRCLE ( 'NONE', #331, 0.4000000000000001900 ) ;
#331 = AXIS2_PLACEMENT_3D ( 'NONE', #332, #333, #334 ) ;
#332 = CARTESIAN_POINT ( 'NONE',  ( -4.049999999999999800, 5.018586341185540300, -0.4000000000000000200 ) ) ;
#333 = DIRECTION ( 'NONE',  ( 0.0000000000000000000, 0.0000000000000000000, 1.000000000000000000 ) ) ;
#334 = DIRECTION ( 'NONE',  ( -1.000000000000000000, 0.0000000000000000000, 0.0000000000000000000 ) ) ;
#335 = CARTESIAN_POINT ( 'NONE',  ( -8.673617379884039400E-016, 1.492951368025264200, -1.200000000000000000 ) ) ;
#336 = LINE ( 'NONE', #337, #338 ) ;
#337 = CARTESIAN_POINT ( 'NONE',  ( -4.100000000000000500, -1.600000000000000100, 0.2999999999999999900 ) ) ;
#338 = VECTOR ( 'NONE', #339, 1000.000000000000000 ) ;
#339 = DIRECTION ( 'NONE',  ( 0.0000000000000000000, 0.0000000000000000000, -1.000000000000000000 ) ) ;
#340 = EDGE_LOOP ( 'NONE', ( #1443, #1390, #73, #1268 ) ) ;
#341 = VERTEX_POINT ( 'NONE', #291 ) ;
#342 = CARTESIAN_POINT ( 'NONE',  ( -6.100000000000000500, -1.600000000000000100, 1.350000000000000100 ) ) ;
#343 = CARTESIAN_POINT ( 'NONE',  ( 2.100000000000000100, 4.450000000000000200, 1.350000000000000100 ) ) ;
#344 = CARTESIAN_POINT ( 'NONE',  ( -3.200000000000000200, 0.0000000000000000000, -1.350000000000000100 ) ) ;
#345 = CARTESIAN_POINT ( 'NONE',  ( -4.649999999999999500, 5.000000000000000000, -0.4000000000000000200 ) ) ;
#346 = CIRCLE ( 'NONE', #347, 0.5999999999999998700 ) ;
#347 = AXIS2_PLACEMENT_3D ( 'NONE', #348, #349, #350 ) ;
#348 = CARTESIAN_POINT ( 'NONE',  ( 5.930583557823969600, 4.100000000000000500, 1.200000000000000000 ) ) ;
#349 = DIRECTION ( 'NONE',  ( 0.0000000000000000000, 0.0000000000000000000, 1.000000000000000000 ) ) ;
#350 = DIRECTION ( 'NONE',  ( -1.000000000000000000, 0.0000000000000000000, 0.0000000000000000000 ) ) ;
#351 = CARTESIAN_POINT ( 'NONE',  ( 2.100000000000000100, -1.600000000000000100, -1.350000000000000100 ) ) ;
#352 = CARTESIAN_POINT ( 'NONE',  ( 0.1000000000000036100, -1.600000000000000100, -0.2999999999999999900 ) ) ;
#353 = LINE ( 'NONE', #354, #355 ) ;
#354 = CARTESIAN_POINT ( 'NONE',  ( -6.100000000000000500, -1.600000000000000100, -1.350000000000000100 ) ) ;
#355 = VECTOR ( 'NONE', #356, 1000.000000000000000 ) ;
#356 = DIRECTION ( 'NONE',  ( 1.000000000000000000, 2.644395542647574600E-017, 0.0000000000000000000 ) ) ;
#357 = LINE ( 'NONE', #360, #361 ) ;
#358 = VERTEX_POINT ( 'NONE', #292 ) ;
#359 = VERTEX_POINT ( 'NONE', #293 ) ;
#360 = CARTESIAN_POINT ( 'NONE',  ( -1.600000000000000100, -1.600000000000000100, 0.2999999999999999900 ) ) ;
#361 = VECTOR ( 'NONE', #362, 1000.000000000000000 ) ;
#362 = DIRECTION ( 'NONE',  ( 0.0000000000000000000, 0.0000000000000000000, -1.000000000000000000 ) ) ;
#363 = CARTESIAN_POINT ( 'NONE',  ( -0.8000000000000000400, 9.796850830579018300E-017, -1.350000000000000100 ) ) ;
#364 = FACE_OUTER_BOUND ( 'NONE', #1490, .T. ) ;
#365 = PLANE ( 'NONE',  #366 ) ;
#366 = AXIS2_PLACEMENT_3D ( 'NONE', #367, #368, #369 ) ;
#367 = CARTESIAN_POINT ( 'NONE',  ( 5.930583557823969600, 4.100000000000000500, 1.200000000000000000 ) ) ;
#368 = DIRECTION ( 'NONE',  ( 0.0000000000000000000, 0.0000000000000000000, -1.000000000000000000 ) ) ;
#369 = DIRECTION ( 'NONE',  ( -1.000000000000000000, 5.551115123125779600E-017, 0.0000000000000000000 ) ) ;
#370 = FACE_OUTER_BOUND ( 'NONE', #929, .T. ) ;
#371 = PLANE ( 'NONE',  #372 ) ;
#372 = AXIS2_PLACEMENT_3D ( 'NONE', #373, #374, #375 ) ;
#373 = CARTESIAN_POINT ( 'NONE',  ( -3.449999999999999700, 5.000000000000000000, 0.4000000000000000200 ) ) ;
#374 = DIRECTION ( 'NONE',  ( -1.000000000000000000, 0.0000000000000000000, 0.0000000000000000000 ) ) ;
#375 = DIRECTION ( 'NONE',  ( 0.0000000000000000000, 0.0000000000000000000, 1.000000000000000000 ) ) ;
#376 = VERTEX_POINT ( 'NONE', #298 ) ;
#377 = EDGE_CURVE ( 'NONE', #82, #688, #299, .T. ) ;
#378 = LINE ( 'NONE', #379, #380 ) ;
#379 = CARTESIAN_POINT ( 'NONE',  ( -4.649999999999999500, 4.899999999999999500, -0.4000000000000000200 ) ) ;
#380 = VECTOR ( 'NONE', #381, 1000.000000000000000 ) ;
#381 = DIRECTION ( 'NONE',  ( 0.0000000000000000000, -1.000000000000000000, 0.0000000000000000000 ) ) ;
#382 = FACE_OUTER_BOUND ( 'NONE', #214, .T. ) ;
#383 = CYLINDRICAL_SURFACE ( 'NONE', #384, 0.7999999999999999300 ) ;
#384 = AXIS2_PLACEMENT_3D ( 'NONE', #385, #386, #387 ) ;
#385 = CARTESIAN_POINT ( 'NONE',  ( -4.000000000000000000, 0.0000000000000000000, -1.350000000000000100 ) ) ;
#386 = DIRECTION ( 'NONE',  ( 0.0000000000000000000, 0.0000000000000000000, 1.000000000000000000 ) ) ;
#387 = DIRECTION ( 'NONE',  ( 1.000000000000000000, 0.0000000000000000000, 0.0000000000000000000 ) ) ;
#388 = LINE ( 'NONE', #389, #390 ) ;
#389 = CARTESIAN_POINT ( 'NONE',  ( 0.9000000000000000200, -1.600000000000000100, 0.2999999999999999900 ) ) ;
#390 = VECTOR ( 'NONE', #391, 1000.000000000000000 ) ;
#391 = DIRECTION ( 'NONE',  ( 0.0000000000000000000, 0.0000000000000000000, -1.000000000000000000 ) ) ;
#392 = LINE ( 'NONE', #393, #400 ) ;
#393 = CARTESIAN_POINT ( 'NONE',  ( -3.050000000000000300, 4.450000000000000200, 1.350000000000000100 ) ) ;
#394 = EDGE_CURVE ( 'NONE', #1539, #25, #303, .T. ) ;
#395 = EDGE_LOOP ( 'NONE', ( #833, #1522 ) ) ;
#396 = EDGE_CURVE ( 'NONE', #216, #1092, #309, .T. ) ;
#397 = ORIENTED_EDGE ( 'NONE', *, *, #78, .T. ) ;
#398 = ORIENTED_EDGE ( 'NONE', *, *, #150, .F. ) ;
#399 = EDGE_CURVE ( 'NONE', #1569, #1601, #313, .T. ) ;
#400 = VECTOR ( 'NONE', #401, 1000.000000000000000 ) ;
#401 = DIRECTION ( 'NONE',  ( -1.000000000000000000, 1.684197549492044900E-016, 0.0000000000000000000 ) ) ;
#402 = FACE_OUTER_BOUND ( 'NONE', #1021, .T. ) ;
#403 = PLANE ( 'NONE',  #404 ) ;
#404 = AXIS2_PLACEMENT_3D ( 'NONE', #405, #406, #407 ) ;
#405 = CARTESIAN_POINT ( 'NONE',  ( 6.801796491983950900, 3.609094690034460000, 1.200000000000000000 ) ) ;
#406 = DIRECTION ( 'NONE',  ( -0.9154520084684195600, -0.4024271613486553000, 0.0000000000000000000 ) ) ;
#407 = DIRECTION ( 'NONE',  ( 0.4024271613486553000, -0.9154520084684195600, 0.0000000000000000000 ) ) ;
#408 = FACE_OUTER_BOUND ( 'NONE', #158, .T. ) ;
#409 = CYLINDRICAL_SURFACE ( 'NONE', #410, 0.7999999999999999300 ) ;
#410 = AXIS2_PLACEMENT_3D ( 'NONE', #411, #412, #413 ) ;
#411 = CARTESIAN_POINT ( 'NONE',  ( -4.000000000000000000, 0.0000000000000000000, -1.350000000000000100 ) ) ;
#412 = DIRECTION ( 'NONE',  ( 0.0000000000000000000, 0.0000000000000000000, 1.000000000000000000 ) ) ;
#413 = DIRECTION ( 'NONE',  ( 1.000000000000000000, 0.0000000000000000000, 0.0000000000000000000 ) ) ;
#414 = LINE ( 'NONE', #415, #419 ) ;
#415 = CARTESIAN_POINT ( 'NONE',  ( 0.9000000000000000200, -1.600000000000000100, 0.2999999999999999900 ) ) ;
#416 = ORIENTED_EDGE ( 'NONE', *, *, #205, .T. ) ;
#417 = ORIENTED_EDGE ( 'NONE', *, *, #1580, .F. ) ;
#418 = ORIENTED_EDGE ( 'NONE', *, *, #83, .F. ) ;
#419 = VECTOR ( 'NONE', #420, 1000.000000000000000 ) ;
#420 = DIRECTION ( 'NONE',  ( 2.797941090285175100E-016, 1.000000000000000000, 0.0000000000000000000 ) ) ;
#421 = CARTESIAN_POINT ( 'NONE',  ( -2.399999999999999900, -1.600000000000000100, -0.2999999999999999900 ) ) ;
#422 = LINE ( 'NONE', #423, #424 ) ;
#423 = CARTESIAN_POINT ( 'NONE',  ( -3.449999999999999700, 4.899999999999999500, -0.4000000000000000200 ) ) ;
#424 = VECTOR ( 'NONE', #425, 1000.000000000000000 ) ;
#425 = DIRECTION ( 'NONE',  ( 1.000000000000000000, 0.0000000000000000000, 0.0000000000000000000 ) ) ;
#426 = LINE ( 'NONE', #427, #428 ) ;
#427 = CARTESIAN_POINT ( 'NONE',  ( -4.649999999999999500, 5.000000000000000000, -0.4000000000000000200 ) ) ;
#428 = VECTOR ( 'NONE', #429, 1000.000000000000100 ) ;
#429 = DIRECTION ( 'NONE',  ( -0.7246525678007100800, -0.6891143997768710600, 0.0000000000000000000 ) ) ;
#430 = FACE_OUTER_BOUND ( 'NONE', #169, .T. ) ;
#431 = PLANE ( 'NONE',  #432 ) ;
#432 = AXIS2_PLACEMENT_3D ( 'NONE', #433, #434, #438 ) ;
#433 = CARTESIAN_POINT ( 'NONE',  ( -4.649999999999999500, 5.000000000000000000, 0.4000000000000000200 ) ) ;
#434 = DIRECTION ( 'NONE',  ( 0.6891143997768710600, -0.7246525678007100800, 0.0000000000000000000 ) ) ;
#435 = ORIENTED_EDGE ( 'NONE', *, *, #1519, .F. ) ;
#436 = ORIENTED_EDGE ( 'NONE', *, *, #323, .F. ) ;
#437 = ORIENTED_EDGE ( 'NONE', *, *, #286, .T. ) ;
#438 = DIRECTION ( 'NONE',  ( 0.7246525678007100800, 0.6891143997768710600, 0.0000000000000000000 ) ) ;
#439 = CARTESIAN_POINT ( 'NONE',  ( -3.449999999999999700, 5.000000000000000000, -0.4000000000000000200 ) ) ;
#440 = FACE_OUTER_BOUND ( 'NONE', #114, .T. ) ;
#441 = PLANE ( 'NONE',  #442 ) ;
#442 = AXIS2_PLACEMENT_3D ( 'NONE', #443, #444, #445 ) ;
#443 = CARTESIAN_POINT ( 'NONE',  ( 5.930583557823969600, 4.100000000000000500, -1.200000000000000000 ) ) ;
#444 = DIRECTION ( 'NONE',  ( 0.0000000000000000000, 0.0000000000000000000, -1.000000000000000000 ) ) ;
#445 = DIRECTION ( 'NONE',  ( -1.000000000000000000, 5.551115123125779600E-017, 0.0000000000000000000 ) ) ;
#446 = FACE_OUTER_BOUND ( 'NONE', #75, .T. ) ;
#447 = PLANE ( 'NONE',  #448 ) ;
#448 = AXIS2_PLACEMENT_3D ( 'NONE', #449, #450, #451 ) ;
#449 = CARTESIAN_POINT ( 'NONE',  ( -4.649999999999999500, 4.899999999999999500, 0.4000000000000000200 ) ) ;
#450 = DIRECTION ( 'NONE',  ( 1.000000000000000000, 0.0000000000000000000, 0.0000000000000000000 ) ) ;
#451 = DIRECTION ( 'NONE',  ( 0.0000000000000000000, 0.0000000000000000000, -1.000000000000000000 ) ) ;
#452 = CARTESIAN_POINT ( 'NONE',  ( 0.1000000000000046000, -4.700000000000000200, -0.2999999999999999900 ) ) ;
#453 = FACE_OUTER_BOUND ( 'NONE', #104, .T. ) ;
#454 = VERTEX_POINT ( 'NONE', #335 ) ;
#455 = ORIENTED_EDGE ( 'NONE', *, *, #671, .T. ) ;
#456 = ORIENTED_EDGE ( 'NONE', *, *, #174, .F. ) ;
#457 = EDGE_LOOP ( 'NONE', ( #1517, #653, #1543, #1609 ) ) ;
#458 = PLANE ( 'NONE',  #459 ) ;
#459 = AXIS2_PLACEMENT_3D ( 'NONE', #460, #461, #462 ) ;
#460 = CARTESIAN_POINT ( 'NONE',  ( 0.8000000000000000400, 0.4618802153516980400, 1.200000000000000000 ) ) ;
#461 = DIRECTION ( 'NONE',  ( -1.000000000000000000, 1.665334536937734800E-016, 0.0000000000000000000 ) ) ;
#462 = DIRECTION ( 'NONE',  ( -1.665334536937734800E-016, -1.000000000000000000, 0.0000000000000000000 ) ) ;
#463 = LINE ( 'NONE', #464, #465 ) ;
#464 = CARTESIAN_POINT ( 'NONE',  ( -6.100000000000000500, 4.899999999999999500, -1.350000000000000100 ) ) ;
#465 = VECTOR ( 'NONE', #466, 1000.000000000000000 ) ;
#466 = DIRECTION ( 'NONE',  ( -1.000000000000000000, 2.843808977011160300E-016, 0.0000000000000000000 ) ) ;
#467 = CARTESIAN_POINT ( 'NONE',  ( -4.100000000000000500, -1.600000000000000100, 0.2999999999999999900 ) ) ;
#468 = LINE ( 'NONE', #469, #470 ) ;
#469 = CARTESIAN_POINT ( 'NONE',  ( -3.449999999999999700, 5.000000000000000000, 0.4000000000000000200 ) ) ;
#470 = VECTOR ( 'NONE', #471, 1000.000000000000000 ) ;
#471 = DIRECTION ( 'NONE',  ( 0.0000000000000000000, 1.000000000000000000, 0.0000000000000000000 ) ) ;
#472 = CARTESIAN_POINT ( 'NONE',  ( 2.100000000000000100, -1.600000000000000100, 1.350000000000000100 ) ) ;
#473 = CARTESIAN_POINT ( 'NONE',  ( 5.381312352742919600, 3.858543703190804800, -1.200000000000000000 ) ) ;
#474 = EDGE_LOOP ( 'NONE', ( #54, #1177, #1591, #796 ) ) ;
#475 = FACE_OUTER_BOUND ( 'NONE', #340, .T. ) ;
#476 = PLANE ( 'NONE',  #477 ) ;
#477 = AXIS2_PLACEMENT_3D ( 'NONE', #478, #479, #480 ) ;
#478 = CARTESIAN_POINT ( 'NONE',  ( 0.0000000000000000000, 0.0000000000000000000, 1.200000000000000000 ) ) ;
#479 = DIRECTION ( 'NONE',  ( 1.000000000000000000, -5.551115123125779600E-017, 0.0000000000000000000 ) ) ;
#480 = DIRECTION ( 'NONE',  ( 5.551115123125779600E-017, 1.000000000000000000, 0.0000000000000000000 ) ) ;
#481 = CARTESIAN_POINT ( 'NONE',  ( -4.899999999999999500, -4.700000000000000200, 0.2999999999999999900 ) ) ;
#482 = CIRCLE ( 'NONE', #483, 0.7999999999999999300 ) ;
#483 = AXIS2_PLACEMENT_3D ( 'NONE', #484, #485, #486 ) ;
#484 = CARTESIAN_POINT ( 'NONE',  ( -4.000000000000000000, 0.0000000000000000000, -1.350000000000000100 ) ) ;
#485 = DIRECTION ( 'NONE',  ( 0.0000000000000000000, 0.0000000000000000000, 1.000000000000000000 ) ) ;
#486 = DIRECTION ( 'NONE',  ( 1.000000000000000000, 0.0000000000000000000, 0.0000000000000000000 ) ) ;
#487 = LINE ( 'NONE', #488, #489 ) ;
#488 = CARTESIAN_POINT ( 'NONE',  ( -4.899999999999999500, -4.700000000000000200, 0.2999999999999999900 ) ) ;
#489 = VECTOR ( 'NONE', #490, 1000.000000000000000 ) ;
#490 = DIRECTION ( 'NONE',  ( 1.000000000000000000, 0.0000000000000000000, 0.0000000000000000000 ) ) ;
#491 = LINE ( 'NONE', #492, #493 ) ;
#492 = CARTESIAN_POINT ( 'NONE',  ( -2.399999999999999900, -4.700000000000000200, 0.2999999999999999900 ) ) ;
#493 = VECTOR ( 'NONE', #494, 1000.000000000000000 ) ;
#494 = DIRECTION ( 'NONE',  ( 1.000000000000000000, 0.0000000000000000000, 0.0000000000000000000 ) ) ;
#495 = CARTESIAN_POINT ( 'NONE',  ( -6.100000000000000500, 4.899999999999999500, 1.350000000000000100 ) ) ;
#496 = CIRCLE ( 'NONE', #497, 0.4000000000000001900 ) ;
#497 = AXIS2_PLACEMENT_3D ( 'NONE', #498, #499, #500 ) ;
#498 = CARTESIAN_POINT ( 'NONE',  ( -4.049999999999999800, 5.018586341185540300, 0.4000000000000000200 ) ) ;
#499 = DIRECTION ( 'NONE',  ( 0.0000000000000000000, 0.0000000000000000000, 1.000000000000000000 ) ) ;
#500 = DIRECTION ( 'NONE',  ( -1.000000000000000000, 0.0000000000000000000, 0.0000000000000000000 ) ) ;
#501 = LINE ( 'NONE', #502, #503 ) ;
#502 = CARTESIAN_POINT ( 'NONE',  ( -4.800000000000000700, 9.796850830579018300E-017, -1.350000000000000100 ) ) ;
#503 = VECTOR ( 'NONE', #504, 1000.000000000000000 ) ;
#504 = DIRECTION ( 'NONE',  ( 0.0000000000000000000, 0.0000000000000000000, 1.000000000000000000 ) ) ;
#505 = LINE ( 'NONE', #506, #508 ) ;
#506 = CARTESIAN_POINT ( 'NONE',  ( 0.9000000000000000200, -1.600000000000000100, -0.2999999999999999900 ) ) ;
#507 = VERTEX_POINT ( 'NONE', #343 ) ;
#508 = VECTOR ( 'NONE', #509, 1000.000000000000000 ) ;
#509 = DIRECTION ( 'NONE',  ( 2.797941090285175100E-016, 1.000000000000000000, 0.0000000000000000000 ) ) ;
#510 = CARTESIAN_POINT ( 'NONE',  ( 6.801796491983950900, 3.609094690034460000, 1.200000000000000000 ) ) ;
#511 = CARTESIAN_POINT ( 'NONE',  ( 0.8000000000000000400, 0.0000000000000000000, 1.350000000000000100 ) ) ;
#512 = CIRCLE ( 'NONE', #513, 0.7999999999999999300 ) ;
#513 = AXIS2_PLACEMENT_3D ( 'NONE', #514, #515, #516 ) ;
#514 = CARTESIAN_POINT ( 'NONE',  ( -4.000000000000000000, 0.0000000000000000000, -1.350000000000000100 ) ) ;
#515 = DIRECTION ( 'NONE',  ( 0.0000000000000000000, 0.0000000000000000000, 1.000000000000000000 ) ) ;
#516 = DIRECTION ( 'NONE',  ( 1.000000000000000000, 0.0000000000000000000, 0.0000000000000000000 ) ) ;
#517 = CARTESIAN_POINT ( 'NONE',  ( 0.8000000000000000400, 0.4618802153516980400, -1.200000000000000000 ) ) ;
#518 = FACE_OUTER_BOUND ( 'NONE', #1579, .T. ) ;
#519 = PLANE ( 'NONE',  #520 ) ;
#520 = AXIS2_PLACEMENT_3D ( 'NONE', #521, #522, #523 ) ;
#521 = CARTESIAN_POINT ( 'NONE',  ( -4.049999999999999800, 5.018586341185540300, 0.4000000000000000200 ) ) ;
#522 = DIRECTION ( 'NONE',  ( 0.0000000000000000000, 0.0000000000000000000, -1.000000000000000000 ) ) ;
#523 = DIRECTION ( 'NONE',  ( -1.000000000000000000, 0.0000000000000000000, 0.0000000000000000000 ) ) ;
#524 = VERTEX_POINT ( 'NONE', #345 ) ;
#525 = EDGE_CURVE ( 'NONE', #153, #1567, #346, .T. ) ;
#526 = ORIENTED_EDGE ( 'NONE', *, *, #17, .T. ) ;
#527 = LINE ( 'NONE', #528, #529 ) ;
#528 = CARTESIAN_POINT ( 'NONE',  ( -1.600000000000000100, -4.700000000000000200, 0.2999999999999999900 ) ) ;
#529 = VECTOR ( 'NONE', #530, 1000.000000000000000 ) ;
#530 = DIRECTION ( 'NONE',  ( 0.0000000000000000000, 0.0000000000000000000, -1.000000000000000000 ) ) ;
#531 = CARTESIAN_POINT ( 'NONE',  ( 0.8000000000000000400, 0.9707412832815739400, 1.200000000000000000 ) ) ;
#532 = LINE ( 'NONE', #533, #534 ) ;
#533 = CARTESIAN_POINT ( 'NONE',  ( 0.8000000000000000400, 0.9707412832815739400, 1.200000000000000000 ) ) ;
#534 = VECTOR ( 'NONE', #535, 1000.000000000000000 ) ;
#535 = DIRECTION ( 'NONE',  ( 0.9154520084684189000, 0.4024271613486569100, 0.0000000000000000000 ) ) ;
#536 = LINE ( 'NONE', #537, #538 ) ;
#537 = CARTESIAN_POINT ( 'NONE',  ( -4.899999999999999500, -4.700000000000000200, 0.2999999999999999900 ) ) ;
#538 = VECTOR ( 'NONE', #539, 1000.000000000000000 ) ;
#539 = DIRECTION ( 'NONE',  ( 0.0000000000000000000, 0.0000000000000000000, -1.000000000000000000 ) ) ;
#540 = LINE ( 'NONE', #541, #542 ) ;
#541 = CARTESIAN_POINT ( 'NONE',  ( 2.100000000000000100, -1.600000000000000100, 1.350000000000000100 ) ) ;
#542 = VECTOR ( 'NONE', #543, 1000.000000000000000 ) ;
#543 = DIRECTION ( 'NONE',  ( 0.0000000000000000000, 0.0000000000000000000, -1.000000000000000000 ) ) ;
#544 = LINE ( 'NONE', #545, #546 ) ;
#545 = CARTESIAN_POINT ( 'NONE',  ( -3.449999999999999700, 4.899999999999999500, 0.4000000000000000200 ) ) ;
#546 = VECTOR ( 'NONE', #547, 1000.000000000000000 ) ;
#547 = DIRECTION ( 'NONE',  ( 0.0000000000000000000, 0.0000000000000000000, -1.000000000000000000 ) ) ;
#548 = CARTESIAN_POINT ( 'NONE',  ( -3.774354240089245100, 5.308447368305819800, -0.4000000000000000200 ) ) ;
#549 = CARTESIAN_POINT ( 'NONE',  ( -4.325645759910744700, 5.308447368305819800, 0.4000000000000000200 ) ) ;
#550 = LINE ( 'NONE', #551, #552 ) ;
#551 = CARTESIAN_POINT ( 'NONE',  ( 6.801796491983950900, 3.609094690034460000, 1.200000000000000000 ) ) ;
#552 = VECTOR ( 'NONE', #553, 1000.000000000000000 ) ;
#553 = DIRECTION ( 'NONE',  ( 0.0000000000000000000, 0.0000000000000000000, -1.000000000000000000 ) ) ;
#554 = CARTESIAN_POINT ( 'NONE',  ( 0.9000000000000000200, -1.600000000000000100, -0.2999999999999999900 ) ) ;
#555 = CARTESIAN_POINT ( 'NONE',  ( -2.399999999999999900, -4.700000000000000200, -0.2999999999999999900 ) ) ;
#556 = LINE ( 'NONE', #557, #558 ) ;
#557 = CARTESIAN_POINT ( 'NONE',  ( -6.100000000000000500, 1.200000000000000000, -1.350000000000000100 ) ) ;
#558 = VECTOR ( 'NONE', #561, 1000.000000000000000 ) ;
#559 = ORIENTED_EDGE ( 'NONE', *, *, #1492, .F. ) ;
#560 = EDGE_CURVE ( 'NONE', #57, #1596, #353, .T. ) ;
#561 = DIRECTION ( 'NONE',  ( -9.293161478447180000E-016, -1.000000000000000000, 0.0000000000000000000 ) ) ;
#562 = CARTESIAN_POINT ( 'NONE',  ( -4.325645759910744700, 5.308447368305819800, -0.4000000000000000200 ) ) ;
#563 = CARTESIAN_POINT ( 'NONE',  ( 0.0000000000000000000, 0.0000000000000000000, 1.200000000000000000 ) ) ;
#564 = FACE_OUTER_BOUND ( 'NONE', #195, .T. ) ;
#565 = PLANE ( 'NONE',  #566 ) ;
#566 = AXIS2_PLACEMENT_3D ( 'NONE', #567, #568, #569 ) ;
#567 = CARTESIAN_POINT ( 'NONE',  ( -4.899999999999999500, -4.700000000000000200, 0.2999999999999999900 ) ) ;
#568 = DIRECTION ( 'NONE',  ( 0.0000000000000000000, 1.000000000000000000, 0.0000000000000000000 ) ) ;
#569 = DIRECTION ( 'NONE',  ( 0.0000000000000000000, 0.0000000000000000000, 1.000000000000000000 ) ) ;
#570 = CIRCLE ( 'NONE', #571, 0.8000000000000000400 ) ;
#571 = AXIS2_PLACEMENT_3D ( 'NONE', #572, #573, #574 ) ;
#572 = CARTESIAN_POINT ( 'NONE',  ( 0.0000000000000000000, 0.0000000000000000000, -1.350000000000000100 ) ) ;
#573 = DIRECTION ( 'NONE',  ( 0.0000000000000000000, 0.0000000000000000000, 1.000000000000000000 ) ) ;
#574 = DIRECTION ( 'NONE',  ( 1.000000000000000000, 0.0000000000000000000, 0.0000000000000000000 ) ) ;
#575 = FACE_OUTER_BOUND ( 'NONE', #692, .T. ) ;
#576 = PLANE ( 'NONE',  #578 ) ;
#577 = ORIENTED_EDGE ( 'NONE', *, *, #1492, .T. ) ;
#578 = AXIS2_PLACEMENT_3D ( 'NONE', #579, #580, #581 ) ;
#579 = CARTESIAN_POINT ( 'NONE',  ( -4.100000000000000500, -1.600000000000000100, 0.2999999999999999900 ) ) ;
#580 = DIRECTION ( 'NONE',  ( 0.0000000000000000000, 0.0000000000000000000, -1.000000000000000000 ) ) ;
#581 = DIRECTION ( 'NONE',  ( -1.000000000000000000, 0.0000000000000000000, 0.0000000000000000000 ) ) ;
#582 = CARTESIAN_POINT ( 'NONE',  ( 0.8000000000000000400, 0.9707412832815739400, -1.200000000000000000 ) ) ;
#583 = LINE ( 'NONE', #584, #585 ) ;
#584 = CARTESIAN_POINT ( 'NONE',  ( 0.8000000000000000400, 0.9707412832815739400, -1.200000000000000000 ) ) ;
#585 = VECTOR ( 'NONE', #586, 1000.000000000000000 ) ;
#586 = DIRECTION ( 'NONE',  ( 0.9154520084684189000, 0.4024271613486569100, 0.0000000000000000000 ) ) ;
#587 = CARTESIAN_POINT ( 'NONE',  ( 0.9000000000000000200, -4.700000000000000200, 0.2999999999999999900 ) ) ;
#588 = FACE_OUTER_BOUND ( 'NONE', #175, .T. ) ;
#589 = PLANE ( 'NONE',  #590 ) ;
#590 = AXIS2_PLACEMENT_3D ( 'NONE', #591, #592, #593 ) ;
#591 = CARTESIAN_POINT ( 'NONE',  ( 0.1000000000000036100, -1.600000000000000100, 0.2999999999999999900 ) ) ;
#592 = DIRECTION ( 'NONE',  ( 1.000000000000000000, 2.797941090285175100E-016, 0.0000000000000000000 ) ) ;
#593 = DIRECTION ( 'NONE',  ( -2.797941090285175100E-016, 1.000000000000000000, 0.0000000000000000000 ) ) ;
#594 = VERTEX_POINT ( 'NONE', #363 ) ;
#595 = ORIENTED_EDGE ( 'NONE', *, *, #196, .F. ) ;
#596 = ADVANCED_FACE ( 'NONE', ( #364 ), #365, .F. ) ;
#597 = LINE ( 'NONE', #598, #599 ) ;
#598 = CARTESIAN_POINT ( 'NONE',  ( 0.9000000000000000200, -4.700000000000000200, 0.2999999999999999900 ) ) ;
#599 = VECTOR ( 'NONE', #600, 1000.000000000000000 ) ;
#600 = DIRECTION ( 'NONE',  ( 0.0000000000000000000, 0.0000000000000000000, -1.000000000000000000 ) ) ;
#601 = LINE ( 'NONE', #602, #603 ) ;
#602 = CARTESIAN_POINT ( 'NONE',  ( 0.8000000000000000400, 0.4618802153516980400, 1.200000000000000000 ) ) ;
#603 = VECTOR ( 'NONE', #604, 1000.000000000000000 ) ;
#604 = DIRECTION ( 'NONE',  ( 1.665334536937734800E-016, 1.000000000000000000, 0.0000000000000000000 ) ) ;
#605 = LINE ( 'NONE', #606, #607 ) ;
#606 = CARTESIAN_POINT ( 'NONE',  ( -6.100000000000000500, -1.600000000000000100, 1.350000000000000100 ) ) ;
#607 = VECTOR ( 'NONE', #608, 1000.000000000000000 ) ;
#608 = DIRECTION ( 'NONE',  ( 1.000000000000000000, 2.644395542647574600E-017, 0.0000000000000000000 ) ) ;
#609 = CARTESIAN_POINT ( 'NONE',  ( -3.449999999999999700, 4.899999999999999500, 0.4000000000000000200 ) ) ;
#610 = FACE_OUTER_BOUND ( 'NONE', #1535, .T. ) ;
#611 = PLANE ( 'NONE',  #612 ) ;
#612 = AXIS2_PLACEMENT_3D ( 'NONE', #616, #617, #618 ) ;
#613 = EDGE_CURVE ( 'NONE', #524, #186, #378, .T. ) ;
#614 = EDGE_LOOP ( 'NONE', ( #690, #108, #1565, #36 ) ) ;
#615 = ORIENTED_EDGE ( 'NONE', *, *, #107, .F. ) ;
#616 = CARTESIAN_POINT ( 'NONE',  ( -4.100000000000000500, -1.600000000000000100, -0.2999999999999999900 ) ) ;
#617 = DIRECTION ( 'NONE',  ( 0.0000000000000000000, 0.0000000000000000000, -1.000000000000000000 ) ) ;
#618 = DIRECTION ( 'NONE',  ( -1.000000000000000000, 0.0000000000000000000, 0.0000000000000000000 ) ) ;
#619 = FACE_OUTER_BOUND ( 'NONE', #13, .T. ) ;
#620 = PLANE ( 'NONE',  #621 ) ;
#621 = AXIS2_PLACEMENT_3D ( 'NONE', #622, #623, #624 ) ;
#622 = CARTESIAN_POINT ( 'NONE',  ( 2.100000000000000100, 1.200000000000000000, 1.350000000000000100 ) ) ;
#623 = DIRECTION ( 'NONE',  ( -1.000000000000000000, 1.084202172485504000E-015, 0.0000000000000000000 ) ) ;
#624 = DIRECTION ( 'NONE',  ( -1.084202172485504000E-015, -1.000000000000000000, 0.0000000000000000000 ) ) ;
#625 = LINE ( 'NONE', #626, #627 ) ;
#626 = CARTESIAN_POINT ( 'NONE',  ( 0.8000000000000000400, 0.9707412832815739400, 1.200000000000000000 ) ) ;
#627 = VECTOR ( 'NONE', #628, 1000.000000000000000 ) ;
#628 = DIRECTION ( 'NONE',  ( 0.0000000000000000000, 0.0000000000000000000, -1.000000000000000000 ) ) ;
#629 = LINE ( 'NONE', #630, #631 ) ;
#630 = CARTESIAN_POINT ( 'NONE',  ( 5.381312352742919600, 3.858543703190804800, 1.200000000000000000 ) ) ;
#631 = VECTOR ( 'NONE', #635, 1000.000000000000000 ) ;
#632 = ADVANCED_FACE ( 'NONE', ( #382 ), #383, .F. ) ;
#633 = EDGE_CURVE ( 'NONE', #1508, #1539, #388, .T. ) ;
#634 = EDGE_CURVE ( 'NONE', #507, #216, #392, .T. ) ;
#635 = DIRECTION ( 'NONE',  ( 0.0000000000000000000, 0.0000000000000000000, -1.000000000000000000 ) ) ;
#636 = LINE ( 'NONE', #637, #638 ) ;
#637 = CARTESIAN_POINT ( 'NONE',  ( -6.100000000000000500, 4.899999999999999500, 1.350000000000000100 ) ) ;
#638 = VECTOR ( 'NONE', #639, 1000.000000000000000 ) ;
#639 = DIRECTION ( 'NONE',  ( 0.0000000000000000000, 0.0000000000000000000, -1.000000000000000000 ) ) ;
#640 = CARTESIAN_POINT ( 'NONE',  ( -4.649999999999999500, 4.899999999999999500, -0.4000000000000000200 ) ) ;
#641 = FACE_OUTER_BOUND ( 'NONE', #1561, .T. ) ;
#642 = CYLINDRICAL_SURFACE ( 'NONE', #643, 0.8000000000000000400 ) ;
#643 = AXIS2_PLACEMENT_3D ( 'NONE', #644, #645, #646 ) ;
#644 = CARTESIAN_POINT ( 'NONE',  ( 0.0000000000000000000, 0.0000000000000000000, -1.350000000000000100 ) ) ;
#645 = DIRECTION ( 'NONE',  ( 0.0000000000000000000, 0.0000000000000000000, 1.000000000000000000 ) ) ;
#646 = DIRECTION ( 'NONE',  ( 1.000000000000000000, 0.0000000000000000000, 0.0000000000000000000 ) ) ;
#647 = FACE_OUTER_BOUND ( 'NONE', #93, .T. ) ;
#648 = PLANE ( 'NONE',  #649 ) ;
#649 = AXIS2_PLACEMENT_3D ( 'NONE', #650, #654, #655 ) ;
#650 = CARTESIAN_POINT ( 'NONE',  ( 0.8000000000000000400, 0.9707412832815739400, 1.200000000000000000 ) ) ;
#651 = ADVANCED_FACE ( 'NONE', ( #402 ), #403, .F. ) ;
#652 = ORIENTED_EDGE ( 'NONE', *, *, #1487, .F. ) ;
#653 = ORIENTED_EDGE ( 'NONE', *, *, #91, .F. ) ;
#654 = DIRECTION ( 'NONE',  ( -0.4024271613486569100, 0.9154520084684189000, 0.0000000000000000000 ) ) ;
#655 = DIRECTION ( 'NONE',  ( -0.9154520084684189000, -0.4024271613486569100, 0.0000000000000000000 ) ) ;
#656 = CARTESIAN_POINT ( 'NONE',  ( -2.399999999999999900, -4.700000000000000200, 0.2999999999999999900 ) ) ;
#657 = CARTESIAN_POINT ( 'NONE',  ( -3.449999999999999700, 4.899999999999999500, -0.4000000000000000200 ) ) ;
#658 = FACE_BOUND ( 'NONE', #164, .T. ) ;
#659 = FACE_OUTER_BOUND ( 'NONE', #1583, .T. ) ;
#660 = FACE_BOUND ( 'NONE', #50, .T. ) ;
#661 = FACE_BOUND ( 'NONE', #59, .T. ) ;
#662 = PLANE ( 'NONE',  #663 ) ;
#663 = AXIS2_PLACEMENT_3D ( 'NONE', #664, #665, #666 ) ;
#664 = CARTESIAN_POINT ( 'NONE',  ( -6.100000000000000500, -1.600000000000000100, 1.350000000000000100 ) ) ;
#665 = DIRECTION ( 'NONE',  ( -2.644395542647574600E-017, 1.000000000000000000, 0.0000000000000000000 ) ) ;
#666 = DIRECTION ( 'NONE',  ( -1.000000000000000000, -2.644395542647574600E-017, 0.0000000000000000000 ) ) ;
#667 = FACE_OUTER_BOUND ( 'NONE', #1091, .T. ) ;
#668 = PLANE ( 'NONE',  #669 ) ;
#669 = AXIS2_PLACEMENT_3D ( 'NONE', #672, #673, #674 ) ;
#670 = ORIENTED_EDGE ( 'NONE', *, *, #525, .F. ) ;
#671 = EDGE_CURVE ( 'NONE', #183, #1508, #414, .T. ) ;
#672 = CARTESIAN_POINT ( 'NONE',  ( -8.673617379884039400E-016, 1.492951368025264200, 1.200000000000000000 ) ) ;
#673 = DIRECTION ( 'NONE',  ( 0.4024271613486565300, -0.9154520084684191200, 0.0000000000000000000 ) ) ;
#674 = DIRECTION ( 'NONE',  ( 0.9154520084684191200, 0.4024271613486565300, 0.0000000000000000000 ) ) ;
#675 = LINE ( 'NONE', #676, #677 ) ;
#676 = CARTESIAN_POINT ( 'NONE',  ( 0.8000000000000000400, 0.4618802153516980400, -1.200000000000000000 ) ) ;
#677 = VECTOR ( 'NONE', #678, 1000.000000000000000 ) ;
#678 = DIRECTION ( 'NONE',  ( 1.665334536937734800E-016, 1.000000000000000000, 0.0000000000000000000 ) ) ;
#679 = LINE ( 'NONE', #680, #681 ) ;
#680 = CARTESIAN_POINT ( 'NONE',  ( -4.649999999999999500, 5.000000000000000000, 0.4000000000000000200 ) ) ;
#681 = VECTOR ( 'NONE', #682, 1000.000000000000100 ) ;
#682 = DIRECTION ( 'NONE',  ( -0.7246525678007100800, -0.6891143997768710600, 0.0000000000000000000 ) ) ;
#683 = LINE ( 'NONE', #684, #685 ) ;
#684 = CARTESIAN_POINT ( 'NONE',  ( -3.050000000000000300, 4.450000000000000200, 1.350000000000000100 ) ) ;
#685 = VECTOR ( 'NONE', #686, 1000.000000000000000 ) ;
#686 = DIRECTION ( 'NONE',  ( 0.0000000000000000000, 0.0000000000000000000, -1.000000000000000000 ) ) ;
#687 = CARTESIAN_POINT ( 'NONE',  ( 0.1000000000000046000, -4.700000000000000200, 0.2999999999999999900 ) ) ;
#688 = VERTEX_POINT ( 'NONE', #421 ) ;
#689 = EDGE_CURVE ( 'NONE', #186, #1019, #422, .T. ) ;
#690 = ORIENTED_EDGE ( 'NONE', *, *, #196, .T. ) ;
#691 = ORIENTED_EDGE ( 'NONE', *, *, #159, .F. ) ;
#692 = EDGE_LOOP ( 'NONE', ( #1574, #201, #1214, #1232 ) ) ;
#693 = ADVANCED_FACE ( 'NONE', ( #430 ), #431, .F. ) ;
#694 = FACE_OUTER_BOUND ( 'NONE', #1558, .T. ) ;
#695 = PLANE ( 'NONE',  #696 ) ;
#696 = AXIS2_PLACEMENT_3D ( 'NONE', #697, #698, #699 ) ;
#697 = CARTESIAN_POINT ( 'NONE',  ( -4.100000000000000500, -1.600000000000000100, 0.2999999999999999900 ) ) ;
#698 = DIRECTION ( 'NONE',  ( -1.000000000000000000, 2.797941090285175100E-016, 0.0000000000000000000 ) ) ;
#699 = DIRECTION ( 'NONE',  ( -2.797941090285175100E-016, -1.000000000000000000, 0.0000000000000000000 ) ) ;
#700 = LINE ( 'NONE', #701, #702 ) ;
#701 = CARTESIAN_POINT ( 'NONE',  ( -1.600000000000000100, -1.600000000000000100, 0.2999999999999999900 ) ) ;
#702 = VECTOR ( 'NONE', #703, 1000.000000000000000 ) ;
#703 = DIRECTION ( 'NONE',  ( 2.797941090285175100E-016, 1.000000000000000000, 0.0000000000000000000 ) ) ;
#704 = LINE ( 'NONE', #705, #706 ) ;
#705 = CARTESIAN_POINT ( 'NONE',  ( -3.200000000000000200, 0.0000000000000000000, -1.350000000000000100 ) ) ;
#706 = VECTOR ( 'NONE', #707, 1000.000000000000000 ) ;
#707 = DIRECTION ( 'NONE',  ( 0.0000000000000000000, 0.0000000000000000000, 1.000000000000000000 ) ) ;
#708 = LINE ( 'NONE', #709, #714 ) ;
#709 = CARTESIAN_POINT ( 'NONE',  ( -3.449999999999999700, 4.899999999999999500, 0.4000000000000000200 ) ) ;
#710 = VERTEX_POINT ( 'NONE', #439 ) ;
#711 = ORIENTED_EDGE ( 'NONE', *, *, #1530, .F. ) ;
#712 = ADVANCED_FACE ( 'NONE', ( #440 ), #441, .T. ) ;
#713 = ADVANCED_FACE ( 'NONE', ( #446 ), #447, .F. ) ;
#714 = VECTOR ( 'NONE', #715, 1000.000000000000000 ) ;
#715 = DIRECTION ( 'NONE',  ( 1.000000000000000000, 0.0000000000000000000, 0.0000000000000000000 ) ) ;
#716 = CARTESIAN_POINT ( 'NONE',  ( -4.800000000000000700, 9.796850830579014600E-017, 1.350000000000000100 ) ) ;
#717 = FACE_OUTER_BOUND ( 'NONE', #1000, .T. ) ;
#718 = CYLINDRICAL_SURFACE ( 'NONE', #719, 0.4000000000000001900 ) ;
#719 = AXIS2_PLACEMENT_3D ( 'NONE', #720, #721, #722 ) ;
#720 = CARTESIAN_POINT ( 'NONE',  ( -4.049999999999999800, 5.018586341185540300, 0.4000000000000000200 ) ) ;
#721 = DIRECTION ( 'NONE',  ( 0.0000000000000000000, 0.0000000000000000000, -1.000000000000000000 ) ) ;
#722 = DIRECTION ( 'NONE',  ( -1.000000000000000000, 0.0000000000000000000, 0.0000000000000000000 ) ) ;
#723 = LINE ( 'NONE', #724, #725 ) ;
#724 = CARTESIAN_POINT ( 'NONE',  ( -2.399999999999999900, -1.600000000000000100, 0.2999999999999999900 ) ) ;
#725 = VECTOR ( 'NONE', #726, 1000.000000000000000 ) ;
#726 = DIRECTION ( 'NONE',  ( -1.000000000000000000, 0.0000000000000000000, 0.0000000000000000000 ) ) ;
#727 = CARTESIAN_POINT ( 'NONE',  ( -1.600000000000000100, -4.700000000000000200, -0.2999999999999999900 ) ) ;
#728 = CARTESIAN_POINT ( 'NONE',  ( 5.381312352742919600, 3.858543703190804800, 1.200000000000000000 ) ) ;
#729 = LINE ( 'NONE', #730, #731 ) ;
#730 = CARTESIAN_POINT ( 'NONE',  ( 0.1000000000000036100, -1.600000000000000100, -0.2999999999999999900 ) ) ;
#731 = VECTOR ( 'NONE', #732, 1000.000000000000000 ) ;
#732 = DIRECTION ( 'NONE',  ( 2.797941090285175100E-016, -1.000000000000000000, 0.0000000000000000000 ) ) ;
#733 = LINE ( 'NONE', #734, #735 ) ;
#734 = CARTESIAN_POINT ( 'NONE',  ( 0.0000000000000000000, 0.0000000000000000000, 1.200000000000000000 ) ) ;
#735 = VECTOR ( 'NONE', #736, 1000.000000000000000 ) ;
#736 = DIRECTION ( 'NONE',  ( 0.0000000000000000000, 0.0000000000000000000, -1.000000000000000000 ) ) ;
#737 = CARTESIAN_POINT ( 'NONE',  ( -3.050000000000000300, 4.899999999999999500, 1.350000000000000100 ) ) ;
#738 = CARTESIAN_POINT ( 'NONE',  ( 0.8000000000000000400, 0.4618802153516980400, 1.200000000000000000 ) ) ;
#739 = CARTESIAN_POINT ( 'NONE',  ( -0.8000000000000000400, 9.796850830579018300E-017, 1.350000000000000100 ) ) ;
#740 = CARTESIAN_POINT ( 'NONE',  ( -6.100000000000000500, -1.600000000000000100, -1.350000000000000100 ) ) ;
#741 = CIRCLE ( 'NONE', #742, 0.8000000000000000400 ) ;
#742 = AXIS2_PLACEMENT_3D ( 'NONE', #743, #744, #745 ) ;
#743 = CARTESIAN_POINT ( 'NONE',  ( 0.0000000000000000000, 0.0000000000000000000, 1.350000000000000100 ) ) ;
#744 = DIRECTION ( 'NONE',  ( 0.0000000000000000000, 0.0000000000000000000, 1.000000000000000000 ) ) ;
#745 = DIRECTION ( 'NONE',  ( 1.000000000000000000, 0.0000000000000000000, 0.0000000000000000000 ) ) ;
#746 = CARTESIAN_POINT ( 'NONE',  ( -3.449999999999999700, 5.000000000000000000, 0.4000000000000000200 ) ) ;
#747 = LINE ( 'NONE', #748, #749 ) ;
#748 = CARTESIAN_POINT ( 'NONE',  ( 0.1000000000000036100, -1.600000000000000100, 0.2999999999999999900 ) ) ;
#749 = VECTOR ( 'NONE', #750, 1000.000000000000000 ) ;
#750 = DIRECTION ( 'NONE',  ( 0.0000000000000000000, 0.0000000000000000000, -1.000000000000000000 ) ) ;
#751 = LINE ( 'NONE', #752, #753 ) ;
#752 = CARTESIAN_POINT ( 'NONE',  ( 0.1000000000000046000, -4.700000000000000200, 0.2999999999999999900 ) ) ;
#753 = VECTOR ( 'NONE', #754, 1000.000000000000000 ) ;
#754 = DIRECTION ( 'NONE',  ( 1.000000000000000000, 0.0000000000000000000, 0.0000000000000000000 ) ) ;
#755 = LINE ( 'NONE', #756, #757 ) ;
#756 = CARTESIAN_POINT ( 'NONE',  ( 2.100000000000000100, 1.200000000000000000, -1.350000000000000100 ) ) ;
#757 = VECTOR ( 'NONE', #758, 1000.000000000000000 ) ;
#758 = DIRECTION ( 'NONE',  ( 1.084202172485504000E-015, 1.000000000000000000, 0.0000000000000000000 ) ) ;
#759 = CIRCLE ( 'NONE', #760, 0.8000000000000000400 ) ;
#760 = AXIS2_PLACEMENT_3D ( 'NONE', #761, #763, #764 ) ;
#761 = CARTESIAN_POINT ( 'NONE',  ( 0.0000000000000000000, 0.0000000000000000000, -1.350000000000000100 ) ) ;
#762 = EDGE_CURVE ( 'NONE', #1550, #1160, #468, .T. ) ;
#763 = DIRECTION ( 'NONE',  ( 0.0000000000000000000, 0.0000000000000000000, 1.000000000000000000 ) ) ;
#764 = DIRECTION ( 'NONE',  ( 1.000000000000000000, 0.0000000000000000000, 0.0000000000000000000 ) ) ;
#765 = CARTESIAN_POINT ( 'NONE',  ( -4.100000000000000500, -4.700000000000000200, 0.2999999999999999900 ) ) ;
#766 = LINE ( 'NONE', #767, #768 ) ;
#767 = CARTESIAN_POINT ( 'NONE',  ( -4.100000000000000500, -1.600000000000000100, -0.2999999999999999900 ) ) ;
#768 = VECTOR ( 'NONE', #769, 1000.000000000000000 ) ;
#769 = DIRECTION ( 'NONE',  ( 2.797941090285175100E-016, 1.000000000000000000, 0.0000000000000000000 ) ) ;
#770 = LINE ( 'NONE', #771, #772 ) ;
#771 = CARTESIAN_POINT ( 'NONE',  ( 0.1000000000000046000, -4.700000000000000200, 0.2999999999999999900 ) ) ;
#772 = VECTOR ( 'NONE', #773, 1000.000000000000000 ) ;
#773 = DIRECTION ( 'NONE',  ( 0.0000000000000000000, 0.0000000000000000000, -1.000000000000000000 ) ) ;
#774 = LINE ( 'NONE', #775, #776 ) ;
#775 = CARTESIAN_POINT ( 'NONE',  ( -3.449999999999999700, 5.000000000000000000, 0.4000000000000000200 ) ) ;
#776 = VECTOR ( 'NONE', #777, 1000.000000000000000 ) ;
#777 = DIRECTION ( 'NONE',  ( 0.0000000000000000000, 0.0000000000000000000, -1.000000000000000000 ) ) ;
#778 = CARTESIAN_POINT ( 'NONE',  ( -4.100000000000000500, -1.600000000000000100, -0.2999999999999999900 ) ) ;
#779 = LINE ( 'NONE', #780, #781 ) ;
#780 = CARTESIAN_POINT ( 'NONE',  ( 0.0000000000000000000, 0.0000000000000000000, 1.200000000000000000 ) ) ;
#781 = VECTOR ( 'NONE', #782, 999.9999999999998900 ) ;
#782 = DIRECTION ( 'NONE',  ( 0.8660254037844390400, 0.4999999999999995000, 0.0000000000000000000 ) ) ;
#783 = CIRCLE ( 'NONE', #784, 0.7999999999999999300 ) ;
#784 = AXIS2_PLACEMENT_3D ( 'NONE', #785, #786, #787 ) ;
#785 = CARTESIAN_POINT ( 'NONE',  ( -4.000000000000000000, 0.0000000000000000000, 1.350000000000000100 ) ) ;
#786 = DIRECTION ( 'NONE',  ( 0.0000000000000000000, 0.0000000000000000000, 1.000000000000000000 ) ) ;
#787 = DIRECTION ( 'NONE',  ( 1.000000000000000000, 0.0000000000000000000, 0.0000000000000000000 ) ) ;
#788 = LINE ( 'NONE', #789, #790 ) ;
#789 = CARTESIAN_POINT ( 'NONE',  ( 0.8000000000000000400, 0.4618802153516980400, 1.200000000000000000 ) ) ;
#790 = VECTOR ( 'NONE', #791, 1000.000000000000000 ) ;
#791 = DIRECTION ( 'NONE',  ( 0.0000000000000000000, 0.0000000000000000000, -1.000000000000000000 ) ) ;
#792 = FACE_OUTER_BOUND ( 'NONE', #212, .T. ) ;
#793 = PLANE ( 'NONE',  #794 ) ;
#794 = AXIS2_PLACEMENT_3D ( 'NONE', #800, #801, #802 ) ;
#795 = VERTEX_POINT ( 'NONE', #481 ) ;
#796 = ORIENTED_EDGE ( 'NONE', *, *, #130, .F. ) ;
#797 = EDGE_LOOP ( 'NONE', ( #102, #1588, #1534, #1570 ) ) ;
#798 = EDGE_CURVE ( 'NONE', #1556, #341, #491, .T. ) ;
#799 = VERTEX_POINT ( 'NONE', #495 ) ;
#800 = CARTESIAN_POINT ( 'NONE',  ( -4.049999999999999800, 5.018586341185540300, -0.4000000000000000200 ) ) ;
#801 = DIRECTION ( 'NONE',  ( 0.0000000000000000000, 0.0000000000000000000, -1.000000000000000000 ) ) ;
#802 = DIRECTION ( 'NONE',  ( -1.000000000000000000, 0.0000000000000000000, 0.0000000000000000000 ) ) ;
#803 = CARTESIAN_POINT ( 'NONE',  ( 0.8000000000000000400, 0.0000000000000000000, -1.350000000000000100 ) ) ;
#804 = FACE_OUTER_BOUND ( 'NONE', #47, .T. ) ;
#805 = PLANE ( 'NONE',  #806 ) ;
#806 = AXIS2_PLACEMENT_3D ( 'NONE', #807, #808, #809 ) ;
#807 = CARTESIAN_POINT ( 'NONE',  ( -6.100000000000000500, 1.200000000000000000, 1.350000000000000100 ) ) ;
#808 = DIRECTION ( 'NONE',  ( 1.000000000000000000, -9.293161478447180000E-016, 0.0000000000000000000 ) ) ;
#809 = DIRECTION ( 'NONE',  ( 9.293161478447180000E-016, 1.000000000000000000, 0.0000000000000000000 ) ) ;
#810 = FACE_OUTER_BOUND ( 'NONE', #836, .T. ) ;
#811 = PLANE ( 'NONE',  #812 ) ;
#812 = AXIS2_PLACEMENT_3D ( 'NONE', #813, #814, #815 ) ;
#813 = CARTESIAN_POINT ( 'NONE',  ( 0.9000000000000000200, -1.600000000000000100, 0.2999999999999999900 ) ) ;
#814 = DIRECTION ( 'NONE',  ( 0.0000000000000000000, 0.0000000000000000000, -1.000000000000000000 ) ) ;
#815 = DIRECTION ( 'NONE',  ( -1.000000000000000000, 0.0000000000000000000, 0.0000000000000000000 ) ) ;
#816 = EDGE_CURVE ( 'NONE', #220, #1057, #501, .T. ) ;
#817 = LINE ( 'NONE', #818, #819 ) ;
#818 = CARTESIAN_POINT ( 'NONE',  ( 0.0000000000000000000, 0.0000000000000000000, 1.200000000000000000 ) ) ;
#819 = VECTOR ( 'NONE', #820, 1000.000000000000000 ) ;
#820 = DIRECTION ( 'NONE',  ( -5.551115123125779600E-017, -1.000000000000000000, 0.0000000000000000000 ) ) ;
#821 = LINE ( 'NONE', #822, #823 ) ;
#822 = CARTESIAN_POINT ( 'NONE',  ( -3.050000000000000300, 4.450000000000000200, -1.350000000000000100 ) ) ;
#823 = VECTOR ( 'NONE', #824, 1000.000000000000000 ) ;
#824 = DIRECTION ( 'NONE',  ( -1.000000000000000000, 1.684197549492044900E-016, 0.0000000000000000000 ) ) ;
#825 = CARTESIAN_POINT ( 'NONE',  ( -4.899999999999999500, -4.700000000000000200, -0.2999999999999999900 ) ) ;
#826 = LINE ( 'NONE', #827, #828 ) ;
#827 = CARTESIAN_POINT ( 'NONE',  ( 0.1000000000000036100, -1.600000000000000100, 0.2999999999999999900 ) ) ;
#828 = VECTOR ( 'NONE', #829, 1000.000000000000000 ) ;
#829 = DIRECTION ( 'NONE',  ( 2.797941090285175100E-016, -1.000000000000000000, 0.0000000000000000000 ) ) ;
#830 = CARTESIAN_POINT ( 'NONE',  ( -4.100000000000000500, -4.700000000000000200, -0.2999999999999999900 ) ) ;
#831 = CIRCLE ( 'NONE', #832, 0.7999999999999999300 ) ;
#832 = AXIS2_PLACEMENT_3D ( 'NONE', #837, #838, #839 ) ;
#833 = ORIENTED_EDGE ( 'NONE', *, *, #1572, .F. ) ;
#834 = EDGE_CURVE ( 'NONE', #376, #1539, #505, .T. ) ;
#835 = ORIENTED_EDGE ( 'NONE', *, *, #1495, .T. ) ;
#836 = EDGE_LOOP ( 'NONE', ( #181, #1598, #1486, #455 ) ) ;
#837 = CARTESIAN_POINT ( 'NONE',  ( -4.000000000000000000, 0.0000000000000000000, 1.350000000000000100 ) ) ;
#838 = DIRECTION ( 'NONE',  ( 0.0000000000000000000, 0.0000000000000000000, 1.000000000000000000 ) ) ;
#839 = DIRECTION ( 'NONE',  ( 1.000000000000000000, 0.0000000000000000000, 0.0000000000000000000 ) ) ;
#840 = CARTESIAN_POINT ( 'NONE',  ( -1.600000000000000100, -1.600000000000000100, -0.2999999999999999900 ) ) ;
#841 = LINE ( 'NONE', #842, #843 ) ;
#842 = CARTESIAN_POINT ( 'NONE',  ( -6.100000000000000500, 1.200000000000000000, 1.350000000000000100 ) ) ;
#843 = VECTOR ( 'NONE', #844, 1000.000000000000000 ) ;
#844 = DIRECTION ( 'NONE',  ( -9.293161478447180000E-016, -1.000000000000000000, 0.0000000000000000000 ) ) ;
#845 = LINE ( 'NONE', #846, #847 ) ;
#846 = CARTESIAN_POINT ( 'NONE',  ( -6.100000000000000500, 4.899999999999999500, 1.350000000000000100 ) ) ;
#847 = VECTOR ( 'NONE', #848, 1000.000000000000000 ) ;
#848 = DIRECTION ( 'NONE',  ( -1.000000000000000000, 2.843808977011160300E-016, 0.0000000000000000000 ) ) ;
#849 = CARTESIAN_POINT ( 'NONE',  ( -2.399999999999999900, -1.600000000000000100, 0.2999999999999999900 ) ) ;
#850 = LINE ( 'NONE', #851, #852 ) ;
#851 = CARTESIAN_POINT ( 'NONE',  ( -2.399999999999999900, -1.600000000000000100, -0.2999999999999999900 ) ) ;
#852 = VECTOR ( 'NONE', #856, 1000.000000000000000 ) ;
#853 = EDGE_CURVE ( 'NONE', #21, #220, #512, .T. ) ;
#854 = ORIENTED_EDGE ( 'NONE', *, *, #94, .T. ) ;
#855 = VERTEX_POINT ( 'NONE', #531 ) ;
#856 = DIRECTION ( 'NONE',  ( -1.000000000000000000, 0.0000000000000000000, 0.0000000000000000000 ) ) ;
#857 = LINE ( 'NONE', #858, #859 ) ;
#858 = CARTESIAN_POINT ( 'NONE',  ( 0.1000000000000036100, -1.600000000000000100, 0.2999999999999999900 ) ) ;
#859 = VECTOR ( 'NONE', #860, 1000.000000000000000 ) ;
#860 = DIRECTION ( 'NONE',  ( -1.000000000000000000, 0.0000000000000000000, 0.0000000000000000000 ) ) ;
#861 = FACE_BOUND ( 'NONE', #19, .T. ) ;
#862 = FACE_BOUND ( 'NONE', #395, .T. ) ;
#863 = FACE_OUTER_BOUND ( 'NONE', #249, .T. ) ;
#864 = PLANE ( 'NONE',  #865 ) ;
#865 = AXIS2_PLACEMENT_3D ( 'NONE', #866, #867, #868 ) ;
#866 = CARTESIAN_POINT ( 'NONE',  ( 2.100000000000000100, -1.600000000000000100, 1.350000000000000100 ) ) ;
#867 = DIRECTION ( 'NONE',  ( 0.0000000000000000000, 0.0000000000000000000, 1.000000000000000000 ) ) ;
#868 = DIRECTION ( 'NONE',  ( 1.000000000000000000, 0.0000000000000000000, 0.0000000000000000000 ) ) ;
#869 = LINE ( 'NONE', #870, #871 ) ;
#870 = CARTESIAN_POINT ( 'NONE',  ( 0.0000000000000000000, 0.0000000000000000000, -1.200000000000000000 ) ) ;
#871 = VECTOR ( 'NONE', #873, 1000.000000000000000 ) ;
#872 = ORIENTED_EDGE ( 'NONE', *, *, #189, .F. ) ;
#873 = DIRECTION ( 'NONE',  ( -5.551115123125779600E-017, -1.000000000000000000, 0.0000000000000000000 ) ) ;
#874 = LINE ( 'NONE', #875, #876 ) ;
#875 = CARTESIAN_POINT ( 'NONE',  ( 0.8000000000000000400, 0.0000000000000000000, -1.350000000000000100 ) ) ;
#876 = VECTOR ( 'NONE', #877, 1000.000000000000000 ) ;
#877 = DIRECTION ( 'NONE',  ( 0.0000000000000000000, 0.0000000000000000000, 1.000000000000000000 ) ) ;
#878 = LINE ( 'NONE', #879, #880 ) ;
#879 = CARTESIAN_POINT ( 'NONE',  ( -0.8000000000000000400, 9.796850830579018300E-017, -1.350000000000000100 ) ) ;
#880 = VECTOR ( 'NONE', #881, 1000.000000000000000 ) ;
#881 = DIRECTION ( 'NONE',  ( 0.0000000000000000000, 0.0000000000000000000, 1.000000000000000000 ) ) ;
#882 = CARTESIAN_POINT ( 'NONE',  ( 0.0000000000000000000, 0.0000000000000000000, -1.200000000000000000 ) ) ;
#883 = CARTESIAN_POINT ( 'NONE',  ( -3.774354240089245100, 5.308447368305819800, 0.4000000000000000200 ) ) ;
#884 = LINE ( 'NONE', #885, #886 ) ;
#885 = CARTESIAN_POINT ( 'NONE',  ( -2.399999999999999900, -4.700000000000000200, 0.2999999999999999900 ) ) ;
#886 = VECTOR ( 'NONE', #887, 1000.000000000000000 ) ;
#887 = DIRECTION ( 'NONE',  ( 0.0000000000000000000, 0.0000000000000000000, -1.000000000000000000 ) ) ;
#888 = LINE ( 'NONE', #890, #891 ) ;
#889 = EDGE_CURVE ( 'NONE', #1550, #1019, #544, .T. ) ;
#890 = CARTESIAN_POINT ( 'NONE',  ( -8.673617379884039400E-016, 1.492951368025264200, 1.200000000000000000 ) ) ;
#891 = VECTOR ( 'NONE', #892, 999.9999999999998900 ) ;
#892 = DIRECTION ( 'NONE',  ( -0.9154520084684191200, -0.4024271613486565300, 0.0000000000000000000 ) ) ;
#893 = FACE_OUTER_BOUND ( 'NONE', #193, .T. ) ;
#894 = PLANE ( 'NONE',  #895 ) ;
#895 = AXIS2_PLACEMENT_3D ( 'NONE', #896, #897, #898 ) ;
#896 = CARTESIAN_POINT ( 'NONE',  ( -1.600000000000000100, -1.600000000000000100, 0.2999999999999999900 ) ) ;
#897 = DIRECTION ( 'NONE',  ( -1.000000000000000000, 2.797941090285175100E-016, 0.0000000000000000000 ) ) ;
#898 = DIRECTION ( 'NONE',  ( -2.797941090285175100E-016, -1.000000000000000000, 0.0000000000000000000 ) ) ;
#899 = LINE ( 'NONE', #900, #901 ) ;
#900 = CARTESIAN_POINT ( 'NONE',  ( -3.774354240089245100, 5.308447368305819800, 0.4000000000000000200 ) ) ;
#901 = VECTOR ( 'NONE', #902, 1000.000000000000100 ) ;
#902 = DIRECTION ( 'NONE',  ( -0.7246525678007100800, 0.6891143997768710600, 0.0000000000000000000 ) ) ;
#903 = LINE ( 'NONE', #904, #905 ) ;
#904 = CARTESIAN_POINT ( 'NONE',  ( -3.774354240089245100, 5.308447368305819800, 0.4000000000000000200 ) ) ;
#905 = VECTOR ( 'NONE', #907, 1000.000000000000000 ) ;
#906 = ORIENTED_EDGE ( 'NONE', *, *, #147, .F. ) ;
#907 = DIRECTION ( 'NONE',  ( 0.0000000000000000000, 0.0000000000000000000, -1.000000000000000000 ) ) ;
#908 = CIRCLE ( 'NONE', #909, 0.5999999999999998700 ) ;
#909 = AXIS2_PLACEMENT_3D ( 'NONE', #910, #911, #912 ) ;
#910 = CARTESIAN_POINT ( 'NONE',  ( 5.930583557823969600, 4.100000000000000500, -1.200000000000000000 ) ) ;
#911 = DIRECTION ( 'NONE',  ( 0.0000000000000000000, 0.0000000000000000000, 1.000000000000000000 ) ) ;
#912 = DIRECTION ( 'NONE',  ( -1.000000000000000000, 0.0000000000000000000, 0.0000000000000000000 ) ) ;
#913 = CARTESIAN_POINT ( 'NONE',  ( -3.050000000000000300, 4.450000000000000200, -1.350000000000000100 ) ) ;
#914 = LINE ( 'NONE', #915, #916 ) ;
#915 = CARTESIAN_POINT ( 'NONE',  ( -4.649999999999999500, 4.899999999999999500, 0.4000000000000000200 ) ) ;
#916 = VECTOR ( 'NONE', #917, 1000.000000000000000 ) ;
#917 = DIRECTION ( 'NONE',  ( 0.0000000000000000000, 0.0000000000000000000, -1.000000000000000000 ) ) ;
#918 = LINE ( 'NONE', #919, #920 ) ;
#919 = CARTESIAN_POINT ( 'NONE',  ( -4.899999999999999500, -1.600000000000000100, 0.2999999999999999900 ) ) ;
#920 = VECTOR ( 'NONE', #921, 1000.000000000000000 ) ;
#921 = DIRECTION ( 'NONE',  ( 2.797941090285175100E-016, -1.000000000000000000, 0.0000000000000000000 ) ) ;
#922 = CARTESIAN_POINT ( 'NONE',  ( 0.1000000000000036100, -1.600000000000000100, 0.2999999999999999900 ) ) ;
#923 = ORIENTED_EDGE ( 'NONE', *, *, #150, .T. ) ;
#924 = ORIENTED_EDGE ( 'NONE', *, *, #1553, .F. ) ;
#925 = EDGE_CURVE ( 'NONE', #64, #594, #570, .T. ) ;
#926 = ORIENTED_EDGE ( 'NONE', *, *, #149, .F. ) ;
#927 = ORIENTED_EDGE ( 'NONE', *, *, #1488, .F. ) ;
#928 = ORIENTED_EDGE ( 'NONE', *, *, #29, .T. ) ;
#929 = EDGE_LOOP ( 'NONE', ( #88, #417, #162, #1585 ) ) ;
#930 = LINE ( 'NONE', #931, #932 ) ;
#931 = CARTESIAN_POINT ( 'NONE',  ( -3.449999999999999700, 5.000000000000000000, -0.4000000000000000200 ) ) ;
#932 = VECTOR ( 'NONE', #933, 1000.000000000000000 ) ;
#933 = DIRECTION ( 'NONE',  ( 0.0000000000000000000, 1.000000000000000000, 0.0000000000000000000 ) ) ;
#934 = LINE ( 'NONE', #935, #936 ) ;
#935 = CARTESIAN_POINT ( 'NONE',  ( -8.673617379884039400E-016, 1.492951368025264200, 1.200000000000000000 ) ) ;
#936 = VECTOR ( 'NONE', #937, 1000.000000000000000 ) ;
#937 = DIRECTION ( 'NONE',  ( 0.0000000000000000000, 0.0000000000000000000, -1.000000000000000000 ) ) ;
#938 = LINE ( 'NONE', #939, #940 ) ;
#939 = CARTESIAN_POINT ( 'NONE',  ( -4.100000000000000500, -4.700000000000000200, 0.2999999999999999900 ) ) ;
#940 = VECTOR ( 'NONE', #941, 1000.000000000000000 ) ;
#941 = DIRECTION ( 'NONE',  ( 0.0000000000000000000, 0.0000000000000000000, -1.000000000000000000 ) ) ;
#942 = LINE ( 'NONE', #943, #944 ) ;
#943 = CARTESIAN_POINT ( 'NONE',  ( 0.1000000000000046000, -4.700000000000000200, -0.2999999999999999900 ) ) ;
#944 = VECTOR ( 'NONE', #945, 1000.000000000000000 ) ;
#945 = DIRECTION ( 'NONE',  ( 1.000000000000000000, 0.0000000000000000000, 0.0000000000000000000 ) ) ;
#946 = ORIENTED_EDGE ( 'NONE', *, *, #1572, .T. ) ;
#947 = ORIENTED_EDGE ( 'NONE', *, *, #87, .F. ) ;
#948 = LINE ( 'NONE', #949, #950 ) ;
#949 = CARTESIAN_POINT ( 'NONE',  ( -8.673617379884039400E-016, 1.492951368025264200, -1.200000000000000000 ) ) ;
#950 = VECTOR ( 'NONE', #951, 999.9999999999998900 ) ;
#951 = DIRECTION ( 'NONE',  ( -0.9154520084684191200, -0.4024271613486565300, 0.0000000000000000000 ) ) ;
#952 = LINE ( 'NONE', #953, #954 ) ;
#953 = CARTESIAN_POINT ( 'NONE',  ( -4.899999999999999500, -1.600000000000000100, -0.2999999999999999900 ) ) ;
#954 = VECTOR ( 'NONE', #955, 1000.000000000000000 ) ;
#955 = DIRECTION ( 'NONE',  ( -1.000000000000000000, 0.0000000000000000000, 0.0000000000000000000 ) ) ;
#956 = FACE_OUTER_BOUND ( 'NONE', #457, .T. ) ;
#957 = PLANE ( 'NONE',  #958 ) ;
#958 = AXIS2_PLACEMENT_3D ( 'NONE', #959, #960, #961 ) ;
#959 = CARTESIAN_POINT ( 'NONE',  ( -2.399999999999999900, -1.600000000000000100, 0.2999999999999999900 ) ) ;
#960 = DIRECTION ( 'NONE',  ( 1.000000000000000000, 2.797941090285175100E-016, 0.0000000000000000000 ) ) ;
#961 = DIRECTION ( 'NONE',  ( -2.797941090285175100E-016, 1.000000000000000000, 0.0000000000000000000 ) ) ;
#962 = CARTESIAN_POINT ( 'NONE',  ( -6.100000000000000500, 4.899999999999999500, -1.350000000000000100 ) ) ;
#963 = FACE_OUTER_BOUND ( 'NONE', #1038, .T. ) ;
#964 = ORIENTED_EDGE ( 'NONE', *, *, #1305, .F. ) ;
#965 = CYLINDRICAL_SURFACE ( 'NONE', #966, 0.8000000000000000400 ) ;
#966 = AXIS2_PLACEMENT_3D ( 'NONE', #967, #968, #969 ) ;
#967 = CARTESIAN_POINT ( 'NONE',  ( 0.0000000000000000000, 0.0000000000000000000, -1.350000000000000100 ) ) ;
#968 = DIRECTION ( 'NONE',  ( 0.0000000000000000000, 0.0000000000000000000, 1.000000000000000000 ) ) ;
#969 = DIRECTION ( 'NONE',  ( 1.000000000000000000, 0.0000000000000000000, 0.0000000000000000000 ) ) ;
#970 = FACE_OUTER_BOUND ( 'NONE', #1494, .T. ) ;
#971 = PLANE ( 'NONE',  #972 ) ;
#972 = AXIS2_PLACEMENT_3D ( 'NONE', #973, #974, #975 ) ;
#973 = CARTESIAN_POINT ( 'NONE',  ( 0.1000000000000046000, -4.700000000000000200, 0.2999999999999999900 ) ) ;
#974 = DIRECTION ( 'NONE',  ( 0.0000000000000000000, 1.000000000000000000, 0.0000000000000000000 ) ) ;
#975 = DIRECTION ( 'NONE',  ( 0.0000000000000000000, 0.0000000000000000000, 1.000000000000000000 ) ) ;
#976 = LINE ( 'NONE', #977, #978 ) ;
#977 = CARTESIAN_POINT ( 'NONE',  ( -4.899999999999999500, -4.700000000000000200, -0.2999999999999999900 ) ) ;
#978 = VECTOR ( 'NONE', #979, 1000.000000000000000 ) ;
#979 = DIRECTION ( 'NONE',  ( 1.000000000000000000, 0.0000000000000000000, 0.0000000000000000000 ) ) ;
#980 = LINE ( 'NONE', #983, #984 ) ;
#981 = ORIENTED_EDGE ( 'NONE', *, *, #171, .F. ) ;
#982 = ORIENTED_EDGE ( 'NONE', *, *, #189, .T. ) ;
#983 = CARTESIAN_POINT ( 'NONE',  ( 0.0000000000000000000, 0.0000000000000000000, -1.200000000000000000 ) ) ;
#984 = VECTOR ( 'NONE', #985, 999.9999999999998900 ) ;
#985 = DIRECTION ( 'NONE',  ( 0.8660254037844390400, 0.4999999999999995000, 0.0000000000000000000 ) ) ;
#986 = CIRCLE ( 'NONE', #987, 0.5999999999999998700 ) ;
#987 = AXIS2_PLACEMENT_3D ( 'NONE', #988, #989, #990 ) ;
#988 = CARTESIAN_POINT ( 'NONE',  ( 5.930583557823969600, 4.100000000000000500, -1.200000000000000000 ) ) ;
#989 = DIRECTION ( 'NONE',  ( 0.0000000000000000000, 0.0000000000000000000, 1.000000000000000000 ) ) ;
#990 = DIRECTION ( 'NONE',  ( -1.000000000000000000, 0.0000000000000000000, 0.0000000000000000000 ) ) ;
#991 = CARTESIAN_POINT ( 'NONE',  ( 6.479854762905019600, 4.341456296809195000, 1.200000000000000000 ) ) ;
#992 = FACE_BOUND ( 'NONE', #1545, .T. ) ;
#993 = FACE_BOUND ( 'NONE', #79, .T. ) ;
#994 = FACE_OUTER_BOUND ( 'NONE', #1560, .T. ) ;
#995 = PLANE ( 'NONE',  #996 ) ;
#996 = AXIS2_PLACEMENT_3D ( 'NONE', #997, #998, #1003 ) ;
#997 = CARTESIAN_POINT ( 'NONE',  ( 2.100000000000000100, -1.600000000000000100, -1.350000000000000100 ) ) ;
#998 = DIRECTION ( 'NONE',  ( 0.0000000000000000000, 0.0000000000000000000, 1.000000000000000000 ) ) ;
#999 = EDGE_CURVE ( 'NONE', #799, #1497, #636, .T. ) ;
#1000 = EDGE_LOOP ( 'NONE', ( #81, #1056, #27, #304 ) ) ;
#1001 = ORIENTED_EDGE ( 'NONE', *, *, #67, .T. ) ;
#1002 = ORIENTED_EDGE ( 'NONE', *, *, #1499, .F. ) ;
#1003 = DIRECTION ( 'NONE',  ( 1.000000000000000000, 0.0000000000000000000, 0.0000000000000000000 ) ) ;
#1004 = LINE ( 'NONE', #1005, #1006 ) ;
#1005 = CARTESIAN_POINT ( 'NONE',  ( -1.600000000000000100, -1.600000000000000100, -0.2999999999999999900 ) ) ;
#1006 = VECTOR ( 'NONE', #1007, 1000.000000000000000 ) ;
#1007 = DIRECTION ( 'NONE',  ( 2.797941090285175100E-016, 1.000000000000000000, 0.0000000000000000000 ) ) ;
#1008 = CARTESIAN_POINT ( 'NONE',  ( -4.649999999999999500, 4.899999999999999500, 0.4000000000000000200 ) ) ;
#1009 = LINE ( 'NONE', #1010, #1011 ) ;
#1010 = CARTESIAN_POINT ( 'NONE',  ( -3.050000000000000300, 4.899999999999999500, 1.350000000000000100 ) ) ;
#1011 = VECTOR ( 'NONE', #1012, 1000.000000000000000 ) ;
#1012 = DIRECTION ( 'NONE',  ( 0.0000000000000000000, 0.0000000000000000000, -1.000000000000000000 ) ) ;
#1013 = CIRCLE ( 'NONE', #1014, 0.5999999999999998700 ) ;
#1014 = AXIS2_PLACEMENT_3D ( 'NONE', #1015, #1016, #1017 ) ;
#1015 = CARTESIAN_POINT ( 'NONE',  ( 5.930583557823969600, 4.100000000000000500, 1.200000000000000000 ) ) ;
#1016 = DIRECTION ( 'NONE',  ( 0.0000000000000000000, 0.0000000000000000000, 1.000000000000000000 ) ) ;
#1017 = DIRECTION ( 'NONE',  ( -1.000000000000000000, 0.0000000000000000000, 0.0000000000000000000 ) ) ;
#1018 = CARTESIAN_POINT ( 'NONE',  ( -4.649999999999999500, 5.000000000000000000, 0.4000000000000000200 ) ) ;
#1019 = VERTEX_POINT ( 'NONE', #657 ) ;
#1020 = ADVANCED_FACE ( 'NONE', ( #667 ), #668, .F. ) ;
#1021 = EDGE_LOOP ( 'NONE', ( #1524, #140, #1512, #138 ) ) ;
#1022 = CARTESIAN_POINT ( 'NONE',  ( -8.673617379884039400E-016, 1.492951368025264200, 1.200000000000000000 ) ) ;
#1023 = CARTESIAN_POINT ( 'NONE',  ( 5.330583557823970000, 4.100000000000000500, -1.200000000000000000 ) ) ;
#1024 = FACE_OUTER_BOUND ( 'NONE', #614, .T. ) ;
#1025 = PLANE ( 'NONE',  #1026 ) ;
#1026 = AXIS2_PLACEMENT_3D ( 'NONE', #1027, #1028, #1029 ) ;
#1027 = CARTESIAN_POINT ( 'NONE',  ( -1.600000000000000100, -1.600000000000000100, 0.2999999999999999900 ) ) ;
#1028 = DIRECTION ( 'NONE',  ( 0.0000000000000000000, 0.0000000000000000000, -1.000000000000000000 ) ) ;
#1029 = DIRECTION ( 'NONE',  ( -1.000000000000000000, 0.0000000000000000000, 0.0000000000000000000 ) ) ;
#1030 = CARTESIAN_POINT ( 'NONE',  ( 0.9000000000000000200, -1.600000000000000100, 0.2999999999999999900 ) ) ;
#1031 = LINE ( 'NONE', #1032, #1033 ) ;
#1032 = CARTESIAN_POINT ( 'NONE',  ( -2.399999999999999900, -1.600000000000000100, -0.2999999999999999900 ) ) ;
#1033 = VECTOR ( 'NONE', #1034, 1000.000000000000000 ) ;
#1034 = DIRECTION ( 'NONE',  ( 2.797941090285175100E-016, -1.000000000000000000, 0.0000000000000000000 ) ) ;
#1035 = LINE ( 'NONE', #1036, #1037 ) ;
#1036 = CARTESIAN_POINT ( 'NONE',  ( -3.050000000000000300, 4.899999999999999500, -1.350000000000000100 ) ) ;
#1037 = VECTOR ( 'NONE', #1040, 1000.000000000000000 ) ;
#1038 = EDGE_LOOP ( 'NONE', ( #1584, #203, #30, #144 ) ) ;
#1039 = ORIENTED_EDGE ( 'NONE', *, *, #100, .T. ) ;
#1040 = DIRECTION ( 'NONE',  ( 0.0000000000000000000, 1.000000000000000000, 0.0000000000000000000 ) ) ;
#1041 = LINE ( 'NONE', #1042, #1043 ) ;
#1042 = CARTESIAN_POINT ( 'NONE',  ( -2.399999999999999900, -1.600000000000000100, 0.2999999999999999900 ) ) ;
#1043 = VECTOR ( 'NONE', #1044, 1000.000000000000000 ) ;
#1044 = DIRECTION ( 'NONE',  ( 2.797941090285175100E-016, -1.000000000000000000, 0.0000000000000000000 ) ) ;
#1045 = FACE_OUTER_BOUND ( 'NONE', #1425, .T. ) ;
#1046 = PLANE ( 'NONE',  #1047 ) ;
#1047 = AXIS2_PLACEMENT_3D ( 'NONE', #1048, #1049, #1050 ) ;
#1048 = CARTESIAN_POINT ( 'NONE',  ( -3.050000000000000300, 4.450000000000000200, 1.350000000000000100 ) ) ;
#1049 = DIRECTION ( 'NONE',  ( -1.684197549492044900E-016, -1.000000000000000000, 0.0000000000000000000 ) ) ;
#1050 = DIRECTION ( 'NONE',  ( 1.000000000000000000, -1.684197549492044900E-016, 0.0000000000000000000 ) ) ;
#1051 = LINE ( 'NONE', #1052, #1053 ) ;
#1052 = CARTESIAN_POINT ( 'NONE',  ( 6.801796491983950900, 3.609094690034460000, 1.200000000000000000 ) ) ;
#1053 = VECTOR ( 'NONE', #1054, 999.9999999999998900 ) ;
#1054 = DIRECTION ( 'NONE',  ( -0.4024271613486553600, 0.9154520084684196800, 0.0000000000000000000 ) ) ;
#1055 = LINE ( 'NONE', #1058, #1059 ) ;
#1056 = ORIENTED_EDGE ( 'NONE', *, *, #11, .F. ) ;
#1057 = VERTEX_POINT ( 'NONE', #716 ) ;
#1058 = CARTESIAN_POINT ( 'NONE',  ( 6.479854762905019600, 4.341456296809195000, 1.200000000000000000 ) ) ;
#1059 = VECTOR ( 'NONE', #1060, 1000.000000000000000 ) ;
#1060 = DIRECTION ( 'NONE',  ( 0.0000000000000000000, 0.0000000000000000000, -1.000000000000000000 ) ) ;
#1061 = FACE_OUTER_BOUND ( 'NONE', #1582, .T. ) ;
#1062 = PLANE ( 'NONE',  #1063 ) ;
#1063 = AXIS2_PLACEMENT_3D ( 'NONE', #1064, #1065, #1066 ) ;
#1064 = CARTESIAN_POINT ( 'NONE',  ( 0.0000000000000000000, 0.0000000000000000000, 1.200000000000000000 ) ) ;
#1065 = DIRECTION ( 'NONE',  ( -0.4999999999999994400, 0.8660254037844389300, 0.0000000000000000000 ) ) ;
#1066 = DIRECTION ( 'NONE',  ( -0.8660254037844389300, -0.4999999999999994400, 0.0000000000000000000 ) ) ;
#1067 = LINE ( 'NONE', #1068, #1069 ) ;
#1068 = CARTESIAN_POINT ( 'NONE',  ( -2.399999999999999900, -4.700000000000000200, -0.2999999999999999900 ) ) ;
#1069 = VECTOR ( 'NONE', #1070, 1000.000000000000000 ) ;
#1070 = DIRECTION ( 'NONE',  ( 1.000000000000000000, 0.0000000000000000000, 0.0000000000000000000 ) ) ;
#1071 = LINE ( 'NONE', #1072, #1073 ) ;
#1072 = CARTESIAN_POINT ( 'NONE',  ( -4.899999999999999500, -1.600000000000000100, 0.2999999999999999900 ) ) ;
#1073 = VECTOR ( 'NONE', #1075, 1000.000000000000000 ) ;
#1074 = EDGE_CURVE ( 'NONE', #25, #31, #729, .T. ) ;
#1075 = DIRECTION ( 'NONE',  ( 0.0000000000000000000, 0.0000000000000000000, -1.000000000000000000 ) ) ;
#1076 = LINE ( 'NONE', #1077, #1078 ) ;
#1077 = CARTESIAN_POINT ( 'NONE',  ( -4.899999999999999500, -1.600000000000000100, 0.2999999999999999900 ) ) ;
#1078 = VECTOR ( 'NONE', #1079, 1000.000000000000000 ) ;
#1079 = DIRECTION ( 'NONE',  ( -1.000000000000000000, 0.0000000000000000000, 0.0000000000000000000 ) ) ;
#1080 = FACE_OUTER_BOUND ( 'NONE', #22, .T. ) ;
#1081 = PLANE ( 'NONE',  #1082 ) ;
#1082 = AXIS2_PLACEMENT_3D ( 'NONE', #1083, #1084, #1085 ) ;
#1083 = CARTESIAN_POINT ( 'NONE',  ( -2.399999999999999900, -4.700000000000000200, 0.2999999999999999900 ) ) ;
#1084 = DIRECTION ( 'NONE',  ( 0.0000000000000000000, 1.000000000000000000, 0.0000000000000000000 ) ) ;
#1085 = DIRECTION ( 'NONE',  ( 0.0000000000000000000, 0.0000000000000000000, 1.000000000000000000 ) ) ;
#1086 = FACE_OUTER_BOUND ( 'NONE', #474, .T. ) ;
#1087 = PLANE ( 'NONE',  #1088 ) ;
#1088 = AXIS2_PLACEMENT_3D ( 'NONE', #1089, #1090, #1093 ) ;
#1089 = CARTESIAN_POINT ( 'NONE',  ( -1.600000000000000100, -1.600000000000000100, -0.2999999999999999900 ) ) ;
#1090 = DIRECTION ( 'NONE',  ( 0.0000000000000000000, 0.0000000000000000000, -1.000000000000000000 ) ) ;
#1091 = EDGE_LOOP ( 'NONE', ( #112, #1496, #1491, #89 ) ) ;
#1092 = VERTEX_POINT ( 'NONE', #737 ) ;
#1093 = DIRECTION ( 'NONE',  ( -1.000000000000000000, 0.0000000000000000000, 0.0000000000000000000 ) ) ;
#1094 = FACE_OUTER_BOUND ( 'NONE', #797, .T. ) ;
#1095 = PLANE ( 'NONE',  #1096 ) ;
#1096 = AXIS2_PLACEMENT_3D ( 'NONE', #1097, #1098, #1099 ) ;
#1097 = CARTESIAN_POINT ( 'NONE',  ( -4.899999999999999500, -1.600000000000000100, 0.2999999999999999900 ) ) ;
#1098 = DIRECTION ( 'NONE',  ( 1.000000000000000000, 2.797941090285175100E-016, 0.0000000000000000000 ) ) ;
#1099 = DIRECTION ( 'NONE',  ( -2.797941090285175100E-016, 1.000000000000000000, 0.0000000000000000000 ) ) ;
#1100 = LINE ( 'NONE', #1101, #1102 ) ;
#1101 = CARTESIAN_POINT ( 'NONE',  ( 6.801796491983950900, 3.609094690034460000, -1.200000000000000000 ) ) ;
#1102 = VECTOR ( 'NONE', #1103, 999.9999999999998900 ) ;
#1103 = DIRECTION ( 'NONE',  ( -0.4024271613486553600, 0.9154520084684196800, 0.0000000000000000000 ) ) ;
#1104 = LINE ( 'NONE', #1105, #1106 ) ;
#1105 = CARTESIAN_POINT ( 'NONE',  ( 2.100000000000000100, 1.200000000000000000, 1.350000000000000100 ) ) ;
#1106 = VECTOR ( 'NONE', #1107, 1000.000000000000000 ) ;
#1107 = DIRECTION ( 'NONE',  ( 1.084202172485504000E-015, 1.000000000000000000, 0.0000000000000000000 ) ) ;
#1108 = LINE ( 'NONE', #1109, #1110 ) ;
#1109 = CARTESIAN_POINT ( 'NONE',  ( -4.649999999999999500, 4.899999999999999500, 0.4000000000000000200 ) ) ;
#1110 = VECTOR ( 'NONE', #1111, 1000.000000000000000 ) ;
#1111 = DIRECTION ( 'NONE',  ( 0.0000000000000000000, -1.000000000000000000, 0.0000000000000000000 ) ) ;
#1112 = FACE_OUTER_BOUND ( 'NONE', #305, .T. ) ;
#1113 = PLANE ( 'NONE',  #1114 ) ;
#1114 = AXIS2_PLACEMENT_3D ( 'NONE', #1115, #1116, #1117 ) ;
#1115 = CARTESIAN_POINT ( 'NONE',  ( 0.9000000000000000200, -1.600000000000000100, -0.2999999999999999900 ) ) ;
#1116 = DIRECTION ( 'NONE',  ( 0.0000000000000000000, 0.0000000000000000000, -1.000000000000000000 ) ) ;
#1117 = DIRECTION ( 'NONE',  ( -1.000000000000000000, 0.0000000000000000000, 0.0000000000000000000 ) ) ;
#1118 = CARTESIAN_POINT ( 'NONE',  ( 2.100000000000000100, 4.450000000000000200, -1.350000000000000100 ) ) ;
#1119 = CARTESIAN_POINT ( 'NONE',  ( 5.330583557823970000, 4.100000000000000500, 1.200000000000000000 ) ) ;
#1120 = LINE ( 'NONE', #1121, #1122 ) ;
#1121 = CARTESIAN_POINT ( 'NONE',  ( -4.649999999999999500, 5.000000000000000000, 0.4000000000000000200 ) ) ;
#1122 = VECTOR ( 'NONE', #1123, 1000.000000000000000 ) ;
#1123 = DIRECTION ( 'NONE',  ( 0.0000000000000000000, 0.0000000000000000000, -1.000000000000000000 ) ) ;
#1124 =( LENGTH_UNIT ( ) NAMED_UNIT ( * ) SI_UNIT ( .MILLI., .METRE. ) );
#1125 = ORIENTED_EDGE ( 'NONE', *, *, #853, .F. ) ;
#1126 = ORIENTED_EDGE ( 'NONE', *, *, #251, .T. ) ;
#1127 = ORIENTED_EDGE ( 'NONE', *, *, #1442, .T. ) ;
#1128 =( NAMED_UNIT ( * ) PLANE_ANGLE_UNIT ( ) SI_UNIT ( $, .RADIAN. ) );
#1129 =( NAMED_UNIT ( * ) SI_UNIT ( $, .STERADIAN. ) SOLID_ANGLE_UNIT ( ) );
#1130 = UNCERTAINTY_MEASURE_WITH_UNIT (LENGTH_MEASURE( 1.000000000000000100E-005 ), #1124, 'distance_accuracy_value', 'NONE');
#1131 =( GEOMETRIC_REPRESENTATION_CONTEXT ( 3 ) GLOBAL_UNCERTAINTY_ASSIGNED_CONTEXT ( ( #1130 ) ) GLOBAL_UNIT_ASSIGNED_CONTEXT ( ( #1124, #1128, #1129 ) ) REPRESENTATION_CONTEXT ( 'NONE', 'WORKASPACE' ) );
#1132 = ADVANCED_BREP_SHAPE_REPRESENTATION ( '', ( #123, #1133 ), #1131 ) ;
#1133 = AXIS2_PLACEMENT_3D ( 'NONE', #1134, #1135, #1136 ) ;
#1134 = CARTESIAN_POINT ( 'NONE',  ( 0.0000000000000000000, 0.0000000000000000000, 0.0000000000000000000 ) ) ;
#1135 = DIRECTION ( 'NONE',  ( 0.0000000000000000000, 0.0000000000000000000, 1.000000000000000000 ) ) ;
#1136 = DIRECTION ( 'NONE',  ( 1.000000000000000000, 0.0000000000000000000, 0.0000000000000000000 ) ) ;
#1137 = SHAPE_REPRESENTATION ( 'D2MQ_1L_ACTUATOR', ( #1133 ), #1131 ) ;
#1138 = SHAPE_REPRESENTATION_RELATIONSHIP ( 'NONE' , 'NONE' ,  #1137, #1132 ) ;
#1139 =( LENGTH_UNIT ( ) NAMED_UNIT ( * ) SI_UNIT ( .MILLI., .METRE. ) );
#1140 =( NAMED_UNIT ( * ) PLANE_ANGLE_UNIT ( ) SI_UNIT ( $, .RADIAN. ) );
#1141 =( NAMED_UNIT ( * ) SI_UNIT ( $, .STERADIAN. ) SOLID_ANGLE_UNIT ( ) );
#1142 = UNCERTAINTY_MEASURE_WITH_UNIT (LENGTH_MEASURE( 1.000000000000000100E-005 ), #1139, 'distance_accuracy_value', 'NONE');
#1143 =( GEOMETRIC_REPRESENTATION_CONTEXT ( 3 ) GLOBAL_UNCERTAINTY_ASSIGNED_CONTEXT ( ( #1142 ) ) GLOBAL_UNIT_ASSIGNED_CONTEXT ( ( #1139, #1140, #1141 ) ) REPRESENTATION_CONTEXT ( 'NONE', 'WORKASPACE' ) );
#1144 = ADVANCED_BREP_SHAPE_REPRESENTATION ( '', ( #1528, #1133 ), #1143 ) ;
#1145 = SHAPE_REPRESENTATION ( 'D2MQ_1L_BASE', ( #1133 ), #1143 ) ;
#1146 = SHAPE_REPRESENTATION_RELATIONSHIP ( 'NONE' , 'NONE' ,  #1145, #1144 ) ;
#1147 = SHAPE_REPRESENTATION ( 'D2MQ_1L', ( #1166, #1152, #1156 ), #1165 ) ;
#1148 = AXIS2_PLACEMENT_3D ( 'NONE', #1149, #1150, #1151 ) ;
#1149 = CARTESIAN_POINT ( 'NONE',  ( 0.0000000000000000000, 0.0000000000000000000, 0.0000000000000000000 ) ) ;
#1150 = DIRECTION ( 'NONE',  ( 0.0000000000000000000, 0.0000000000000000000, 1.000000000000000000 ) ) ;
#1151 = DIRECTION ( 'NONE',  ( 1.000000000000000000, 0.0000000000000000000, 0.0000000000000000000 ) ) ;
#1152 = AXIS2_PLACEMENT_3D ( 'NONE', #1153, #1154, #1155 ) ;
#1153 = CARTESIAN_POINT ( 'NONE',  ( -6.099999999999995200, 4.899999999999999500, 0.05000000000000012800 ) ) ;
#1154 = DIRECTION ( 'NONE',  ( 0.0000000000000000000, 0.0000000000000000000, 1.000000000000000000 ) ) ;
#1155 = DIRECTION ( 'NONE',  ( 1.000000000000000000, 0.0000000000000000000, 0.0000000000000000000 ) ) ;
#1156 = AXIS2_PLACEMENT_3D ( 'NONE', #1157, #1158, #1159 ) ;
#1157 = CARTESIAN_POINT ( 'NONE',  ( 0.0000000000000000000, 0.0000000000000000000, 0.0000000000000000000 ) ) ;
#1158 = DIRECTION ( 'NONE',  ( 0.0000000000000000000, 0.0000000000000000000, 1.000000000000000000 ) ) ;
#1159 = DIRECTION ( 'NONE',  ( 1.000000000000000000, 0.0000000000000000000, 0.0000000000000000000 ) ) ;
#1160 = VERTEX_POINT ( 'NONE', #746 ) ;
#1161 =( LENGTH_UNIT ( ) NAMED_UNIT ( * ) SI_UNIT ( .MILLI., .METRE. ) );
#1162 =( NAMED_UNIT ( * ) PLANE_ANGLE_UNIT ( ) SI_UNIT ( $, .RADIAN. ) );
#1163 =( NAMED_UNIT ( * ) SI_UNIT ( $, .STERADIAN. ) SOLID_ANGLE_UNIT ( ) );
#1164 = UNCERTAINTY_MEASURE_WITH_UNIT (LENGTH_MEASURE( 1.000000000000000100E-005 ), #1161, 'distance_accuracy_value', 'NONE');
#1165 =( GEOMETRIC_REPRESENTATION_CONTEXT ( 3 ) GLOBAL_UNCERTAINTY_ASSIGNED_CONTEXT ( ( #1164 ) ) GLOBAL_UNIT_ASSIGNED_CONTEXT ( ( #1161, #1162, #1163 ) ) REPRESENTATION_CONTEXT ( 'NONE', 'WORKASPACE' ) );
#1166 = AXIS2_PLACEMENT_3D ( 'NONE', #1167, #1168, #1169 ) ;
#1167 = CARTESIAN_POINT ( 'NONE',  ( 0.0000000000000000000, 0.0000000000000000000, 0.0000000000000000000 ) ) ;
#1168 = DIRECTION ( 'NONE',  ( 0.0000000000000000000, 0.0000000000000000000, 1.000000000000000000 ) ) ;
#1169 = DIRECTION ( 'NONE',  ( 1.000000000000000000, 0.0000000000000000000, 0.0000000000000000000 ) ) ;
#1170 = APPLICATION_CONTEXT ( 'configuration controlled 3d designs of mechanical parts and assemblies' ) ;
#1171 = APPLICATION_PROTOCOL_DEFINITION ( 'international standard', 'config_control_design', 1994, #1170 ) ;
#1172 = MECHANICAL_CONTEXT ( 'NONE', #1170, 'mechanical' ) ;
#1173 = PRODUCT ( 'D2MQ_1L', 'D2MQ_1L', '', ( #1172 ) ) ;
#1174 = PERSON ( 'UNSPECIFIED', 'UNSPECIFIED', 'UNSPECIFIED', ('UNSPECIFIED'), ('UNSPECIFIED'), ('UNSPECIFIED') ) ;
#1175 = ORGANIZATION ( 'UNSPECIFIED', 'UNSPECIFIED', '' ) ;
#1176 = PERSON_AND_ORGANIZATION ( #1174, #1175 ) ;
#1177 = ORIENTED_EDGE ( 'NONE', *, *, #121, .F. ) ;
#1178 = ORIENTED_EDGE ( 'NONE', *, *, #1587, .F. ) ;
#1179 = PERSON_AND_ORGANIZATION_ROLE ( 'design_owner' ) ;
#1180 = CC_DESIGN_PERSON_AND_ORGANIZATION_ASSIGNMENT ( #1176, #1179, ( #1173 ) ) ;
#1181 = APPLICATION_CONTEXT ( 'configuration controlled 3d designs of mechanical parts and assemblies' ) ;
#1182 = APPLICATION_PROTOCOL_DEFINITION ( 'international standard', 'config_control_design', 1994, #1181 ) ;
#1183 = DESIGN_CONTEXT ( 'detailed design', #1181, 'design' ) ;
#1184 = PRODUCT_DEFINITION ( 'UNKNOWN', '', #1207, #1183 ) ;
#1185 = PERSON_AND_ORGANIZATION ( #1174, #1175 ) ;
#1186 = APPROVAL_STATUS ( 'not_yet_approved' ) ;
#1187 = APPROVAL ( #1186, 'UNSPECIFIED' ) ;
#1188 = APPROVAL_ROLE ( '' ) ;
#1189 = APPROVAL_PERSON_ORGANIZATION ( #1185, #1187, #1188 ) ;
#1190 = COORDINATED_UNIVERSAL_TIME_OFFSET ( 9, 0, .AHEAD. ) ;
#1191 = LOCAL_TIME ( 20, 11, 35.00000000000000000, #1190 ) ;
#1192 = CALENDAR_DATE ( 2013, 18, 7 ) ;
#1193 = DATE_AND_TIME ( #1192, #1191 ) ;
#1194 = APPROVAL_DATE_TIME ( #1193, #1187 ) ;
#1195 = VERTEX_POINT ( 'NONE', #765 ) ;
#1196 = ORIENTED_EDGE ( 'NONE', *, *, #17, .F. ) ;
#1197 = CC_DESIGN_APPROVAL ( #1187, ( #1184 ) ) ;
#1198 = PERSON_AND_ORGANIZATION ( #1174, #1175 ) ;
#1199 = PERSON_AND_ORGANIZATION_ROLE ( 'creator' ) ;
#1200 = CC_DESIGN_PERSON_AND_ORGANIZATION_ASSIGNMENT ( #1198, #1199, ( #1184 ) ) ;
#1201 = COORDINATED_UNIVERSAL_TIME_OFFSET ( 9, 0, .AHEAD. ) ;
#1202 = LOCAL_TIME ( 20, 11, 35.00000000000000000, #1201 ) ;
#1203 = CALENDAR_DATE ( 2013, 18, 7 ) ;
#1204 = DATE_AND_TIME ( #1203, #1202 ) ;
#1205 = DATE_TIME_ROLE ( 'creation_date' ) ;
#1206 = CC_DESIGN_DATE_AND_TIME_ASSIGNMENT ( #1204, #1205, ( #1184 ) ) ;
#1207 = PRODUCT_DEFINITION_FORMATION_WITH_SPECIFIED_SOURCE ( 'ANY', '', #1173, .NOT_KNOWN. ) ;
#1208 = PERSON_AND_ORGANIZATION ( #1174, #1175 ) ;
#1209 = APPROVAL_STATUS ( 'not_yet_approved' ) ;
#1210 = APPROVAL ( #1209, 'UNSPECIFIED' ) ;
#1211 = APPROVAL_ROLE ( '' ) ;
#1212 = APPROVAL_PERSON_ORGANIZATION ( #1208, #1210, #1211 ) ;
#1213 = ORIENTED_EDGE ( 'NONE', *, *, #26, .T. ) ;
#1214 = ORIENTED_EDGE ( 'NONE', *, *, #1530, .T. ) ;
#1215 = COORDINATED_UNIVERSAL_TIME_OFFSET ( 9, 0, .AHEAD. ) ;
#1216 = LOCAL_TIME ( 20, 11, 35.00000000000000000, #1215 ) ;
#1217 = CALENDAR_DATE ( 2013, 18, 7 ) ;
#1218 = DATE_AND_TIME ( #1217, #1216 ) ;
#1219 = APPROVAL_DATE_TIME ( #1218, #1210 ) ;
#1220 = CC_DESIGN_APPROVAL ( #1210, ( #1207 ) ) ;
#1221 = PERSON_AND_ORGANIZATION ( #1174, #1175 ) ;
#1222 = PERSON_AND_ORGANIZATION_ROLE ( 'creator' ) ;
#1223 = CC_DESIGN_PERSON_AND_ORGANIZATION_ASSIGNMENT ( #1221, #1222, ( #1207 ) ) ;
#1224 = PERSON_AND_ORGANIZATION ( #1174, #1175 ) ;
#1225 = PERSON_AND_ORGANIZATION_ROLE ( 'design_supplier' ) ;
#1226 = CC_DESIGN_PERSON_AND_ORGANIZATION_ASSIGNMENT ( #1224, #1225, ( #1207 ) ) ;
#1227 = SECURITY_CLASSIFICATION_LEVEL ( 'unclassified' ) ;
#1228 = SECURITY_CLASSIFICATION ( '', '', #1227 ) ;
#1229 = PERSON_AND_ORGANIZATION ( #1174, #1175 ) ;
#1230 = PERSON_AND_ORGANIZATION_ROLE ( 'classification_officer' ) ;
#1231 = ORIENTED_EDGE ( 'NONE', *, *, #689, .F. ) ;
#1232 = ORIENTED_EDGE ( 'NONE', *, *, #323, .T. ) ;
#1233 = CC_DESIGN_PERSON_AND_ORGANIZATION_ASSIGNMENT ( #1229, #1230, ( #1228 ) ) ;
#1234 = COORDINATED_UNIVERSAL_TIME_OFFSET ( 9, 0, .AHEAD. ) ;
#1235 = LOCAL_TIME ( 20, 11, 35.00000000000000000, #1234 ) ;
#1236 = CALENDAR_DATE ( 2013, 18, 7 ) ;
#1237 = DATE_AND_TIME ( #1236, #1235 ) ;
#1238 = DATE_TIME_ROLE ( 'classification_date' ) ;
#1239 = CC_DESIGN_DATE_AND_TIME_ASSIGNMENT ( #1237, #1238, ( #1228 ) ) ;
#1240 = PERSON_AND_ORGANIZATION ( #1174, #1175 ) ;
#1241 = APPROVAL_STATUS ( 'not_yet_approved' ) ;
#1242 = APPROVAL ( #1241, 'UNSPECIFIED' ) ;
#1243 = APPROVAL_ROLE ( '' ) ;
#1244 = APPROVAL_PERSON_ORGANIZATION ( #1240, #1242, #1243 ) ;
#1245 = COORDINATED_UNIVERSAL_TIME_OFFSET ( 9, 0, .AHEAD. ) ;
#1246 = LOCAL_TIME ( 20, 11, 35.00000000000000000, #1245 ) ;
#1247 = CALENDAR_DATE ( 2013, 18, 7 ) ;
#1248 = DATE_AND_TIME ( #1247, #1246 ) ;
#1249 = ORIENTED_EDGE ( 'NONE', *, *, #1547, .T. ) ;
#1250 = ORIENTED_EDGE ( 'NONE', *, *, #1586, .T. ) ;
#1251 = EDGE_LOOP ( 'NONE', ( #122, #268, #2, #208 ) ) ;
#1252 = APPROVAL_DATE_TIME ( #1248, #1242 ) ;
#1253 = CC_DESIGN_APPROVAL ( #1242, ( #1228 ) ) ;
#1254 = CC_DESIGN_SECURITY_CLASSIFICATION ( #1228, ( #1207 ) ) ;
#1255 = PRODUCT_RELATED_PRODUCT_CATEGORY ( 'detail', '', ( #1173 ) ) ;
#1256 = PRODUCT_DEFINITION_SHAPE ( 'NONE', 'NONE',  #1184 ) ;
#1257 = SHAPE_DEFINITION_REPRESENTATION ( #1256, #1147 ) ;
#1258 = APPLICATION_CONTEXT ( 'configuration controlled 3d designs of mechanical parts and assemblies' ) ;
#1259 = APPLICATION_PROTOCOL_DEFINITION ( 'international standard', 'config_control_design', 1994, #1258 ) ;
#1260 = MECHANICAL_CONTEXT ( 'NONE', #1258, 'mechanical' ) ;
#1261 = PRODUCT ( 'D2MQ_1L_BASE', 'D2MQ_1L_BASE', '', ( #1260 ) ) ;
#1262 = PERSON_AND_ORGANIZATION ( #1174, #1175 ) ;
#1263 = PERSON_AND_ORGANIZATION_ROLE ( 'design_owner' ) ;
#1264 = CC_DESIGN_PERSON_AND_ORGANIZATION_ASSIGNMENT ( #1262, #1263, ( #1261 ) ) ;
#1265 = APPLICATION_CONTEXT ( 'configuration controlled 3d designs of mechanical parts and assemblies' ) ;
#1266 = APPLICATION_PROTOCOL_DEFINITION ( 'international standard', 'config_control_design', 1994, #1265 ) ;
#1267 = DESIGN_CONTEXT ( 'detailed design', #1265, 'design' ) ;
#1268 = ORIENTED_EDGE ( 'NONE', *, *, #106, .T. ) ;
#1269 = ADVANCED_FACE ( 'NONE', ( #810 ), #811, .F. ) ;
#1270 = PRODUCT_DEFINITION ( 'UNKNOWN', '', #1291, #1267 ) ;
#1271 = PERSON_AND_ORGANIZATION ( #1174, #1175 ) ;
#1272 = APPROVAL_STATUS ( 'not_yet_approved' ) ;
#1273 = APPROVAL ( #1272, 'UNSPECIFIED' ) ;
#1274 = APPROVAL_ROLE ( '' ) ;
#1275 = APPROVAL_PERSON_ORGANIZATION ( #1271, #1273, #1274 ) ;
#1276 = COORDINATED_UNIVERSAL_TIME_OFFSET ( 9, 0, .AHEAD. ) ;
#1277 = LOCAL_TIME ( 20, 11, 35.00000000000000000, #1276 ) ;
#1278 = CALENDAR_DATE ( 2013, 18, 7 ) ;
#1279 = DATE_AND_TIME ( #1278, #1277 ) ;
#1280 = APPROVAL_DATE_TIME ( #1279, #1273 ) ;
#1281 = CC_DESIGN_APPROVAL ( #1273, ( #1270 ) ) ;
#1282 = PERSON_AND_ORGANIZATION ( #1174, #1175 ) ;
#1283 = PERSON_AND_ORGANIZATION_ROLE ( 'creator' ) ;
#1284 = CC_DESIGN_PERSON_AND_ORGANIZATION_ASSIGNMENT ( #1282, #1283, ( #1270 ) ) ;
#1285 = COORDINATED_UNIVERSAL_TIME_OFFSET ( 9, 0, .AHEAD. ) ;
#1286 = LOCAL_TIME ( 20, 11, 35.00000000000000000, #1285 ) ;
#1287 = CALENDAR_DATE ( 2013, 18, 7 ) ;
#1288 = DATE_AND_TIME ( #1287, #1286 ) ;
#1289 = DATE_TIME_ROLE ( 'creation_date' ) ;
#1290 = CC_DESIGN_DATE_AND_TIME_ASSIGNMENT ( #1288, #1289, ( #1270 ) ) ;
#1291 = PRODUCT_DEFINITION_FORMATION_WITH_SPECIFIED_SOURCE ( 'ANY', '', #1261, .NOT_KNOWN. ) ;
#1292 = PERSON_AND_ORGANIZATION ( #1174, #1175 ) ;
#1293 = APPROVAL_STATUS ( 'not_yet_approved' ) ;
#1294 = APPROVAL ( #1293, 'UNSPECIFIED' ) ;
#1295 = APPROVAL_ROLE ( '' ) ;
#1296 = APPROVAL_PERSON_ORGANIZATION ( #1292, #1294, #1295 ) ;
#1297 = COORDINATED_UNIVERSAL_TIME_OFFSET ( 9, 0, .AHEAD. ) ;
#1298 = LOCAL_TIME ( 20, 11, 35.00000000000000000, #1297 ) ;
#1299 = CALENDAR_DATE ( 2013, 18, 7 ) ;
#1300 = DATE_AND_TIME ( #1299, #1298 ) ;
#1301 = APPROVAL_DATE_TIME ( #1300, #1294 ) ;
#1302 = ORIENTED_EDGE ( 'NONE', *, *, #999, .F. ) ;
#1303 = ORIENTED_EDGE ( 'NONE', *, *, #26, .F. ) ;
#1304 = ORIENTED_EDGE ( 'NONE', *, *, #174, .T. ) ;
#1305 = EDGE_CURVE ( 'NONE', #103, #192, #826, .T. ) ;
#1306 = CC_DESIGN_APPROVAL ( #1294, ( #1291 ) ) ;
#1307 = PERSON_AND_ORGANIZATION ( #1174, #1175 ) ;
#1308 = PERSON_AND_ORGANIZATION_ROLE ( 'creator' ) ;
#1309 = CC_DESIGN_PERSON_AND_ORGANIZATION_ASSIGNMENT ( #1307, #1308, ( #1291 ) ) ;
#1310 = PERSON_AND_ORGANIZATION ( #1174, #1175 ) ;
#1311 = PERSON_AND_ORGANIZATION_ROLE ( 'design_supplier' ) ;
#1312 = CC_DESIGN_PERSON_AND_ORGANIZATION_ASSIGNMENT ( #1310, #1311, ( #1291 ) ) ;
#1313 = SECURITY_CLASSIFICATION_LEVEL ( 'unclassified' ) ;
#1314 = SECURITY_CLASSIFICATION ( '', '', #1313 ) ;
#1315 = PERSON_AND_ORGANIZATION ( #1174, #1175 ) ;
#1316 = PERSON_AND_ORGANIZATION_ROLE ( 'classification_officer' ) ;
#1317 = CC_DESIGN_PERSON_AND_ORGANIZATION_ASSIGNMENT ( #1315, #1316, ( #1314 ) ) ;
#1318 = COORDINATED_UNIVERSAL_TIME_OFFSET ( 9, 0, .AHEAD. ) ;
#1319 = LOCAL_TIME ( 20, 11, 35.00000000000000000, #1318 ) ;
#1320 = CALENDAR_DATE ( 2013, 18, 7 ) ;
#1321 = DATE_AND_TIME ( #1320, #1319 ) ;
#1322 = ORIENTED_EDGE ( 'NONE', *, *, #1525, .T. ) ;
#1323 = DATE_TIME_ROLE ( 'classification_date' ) ;
#1324 = CC_DESIGN_DATE_AND_TIME_ASSIGNMENT ( #1321, #1323, ( #1314 ) ) ;
#1325 = PERSON_AND_ORGANIZATION ( #1174, #1175 ) ;
#1326 = APPROVAL_STATUS ( 'not_yet_approved' ) ;
#1327 = APPROVAL ( #1326, 'UNSPECIFIED' ) ;
#1328 = APPROVAL_ROLE ( '' ) ;
#1329 = APPROVAL_PERSON_ORGANIZATION ( #1325, #1327, #1328 ) ;
#1330 = COORDINATED_UNIVERSAL_TIME_OFFSET ( 9, 0, .AHEAD. ) ;
#1331 = LOCAL_TIME ( 20, 11, 35.00000000000000000, #1330 ) ;
#1332 = CALENDAR_DATE ( 2013, 18, 7 ) ;
#1333 = DATE_AND_TIME ( #1332, #1331 ) ;
#1334 = APPROVAL_DATE_TIME ( #1333, #1327 ) ;
#1335 = CC_DESIGN_APPROVAL ( #1327, ( #1314 ) ) ;
#1336 = CC_DESIGN_SECURITY_CLASSIFICATION ( #1314, ( #1291 ) ) ;
#1337 = PRODUCT_RELATED_PRODUCT_CATEGORY ( 'detail', '', ( #1261 ) ) ;
#1338 = PRODUCT_DEFINITION_SHAPE ( 'NONE', 'NONE',  #1270 ) ;
#1339 = ORIENTED_EDGE ( 'NONE', *, *, #1074, .T. ) ;
#1340 = ORIENTED_EDGE ( 'NONE', *, *, #1548, .T. ) ;
#1341 = SHAPE_DEFINITION_REPRESENTATION ( #1338, #1145 ) ;
#1342 = APPLICATION_CONTEXT ( 'configuration controlled 3d designs of mechanical parts and assemblies' ) ;
#1343 = APPLICATION_PROTOCOL_DEFINITION ( 'international standard', 'config_control_design', 1994, #1342 ) ;
#1344 = MECHANICAL_CONTEXT ( 'NONE', #1342, 'mechanical' ) ;
#1345 = PRODUCT ( 'D2MQ_1L_ACTUATOR', 'D2MQ_1L_ACTUATOR', '', ( #1344 ) ) ;
#1346 = PERSON_AND_ORGANIZATION ( #1174, #1175 ) ;
#1347 = PERSON_AND_ORGANIZATION_ROLE ( 'design_owner' ) ;
#1348 = CC_DESIGN_PERSON_AND_ORGANIZATION_ASSIGNMENT ( #1346, #1347, ( #1345 ) ) ;
#1349 = APPLICATION_CONTEXT ( 'configuration controlled 3d designs of mechanical parts and assemblies' ) ;
#1350 = APPLICATION_PROTOCOL_DEFINITION ( 'international standard', 'config_control_design', 1994, #1349 ) ;
#1351 = DESIGN_CONTEXT ( 'detailed design', #1349, 'design' ) ;
#1352 = PRODUCT_DEFINITION ( 'UNKNOWN', '', #1374, #1351 ) ;
#1353 = PERSON_AND_ORGANIZATION ( #1174, #1175 ) ;
#1354 = APPROVAL_STATUS ( 'not_yet_approved' ) ;
#1355 = APPROVAL ( #1354, 'UNSPECIFIED' ) ;
#1356 = APPROVAL_ROLE ( '' ) ;
#1357 = APPROVAL_PERSON_ORGANIZATION ( #1353, #1355, #1356 ) ;
#1358 = COORDINATED_UNIVERSAL_TIME_OFFSET ( 9, 0, .AHEAD. ) ;
#1359 = LOCAL_TIME ( 20, 11, 35.00000000000000000, #1358 ) ;
#1360 = CALENDAR_DATE ( 2013, 18, 7 ) ;
#1361 = DATE_AND_TIME ( #1360, #1359 ) ;
#1362 = APPROVAL_DATE_TIME ( #1361, #1355 ) ;
#1363 = CC_DESIGN_APPROVAL ( #1355, ( #1352 ) ) ;
#1364 = PERSON_AND_ORGANIZATION ( #1174, #1175 ) ;
#1365 = PERSON_AND_ORGANIZATION_ROLE ( 'creator' ) ;
#1366 = CC_DESIGN_PERSON_AND_ORGANIZATION_ASSIGNMENT ( #1364, #1365, ( #1352 ) ) ;
#1367 = COORDINATED_UNIVERSAL_TIME_OFFSET ( 9, 0, .AHEAD. ) ;
#1368 = LOCAL_TIME ( 20, 11, 35.00000000000000000, #1367 ) ;
#1369 = CALENDAR_DATE ( 2013, 18, 7 ) ;
#1370 = DATE_AND_TIME ( #1369, #1368 ) ;
#1371 = DATE_TIME_ROLE ( 'creation_date' ) ;
#1372 = CC_DESIGN_DATE_AND_TIME_ASSIGNMENT ( #1370, #1371, ( #1352 ) ) ;
#1373 = ORIENTED_EDGE ( 'NONE', *, *, #560, .F. ) ;
#1374 = PRODUCT_DEFINITION_FORMATION_WITH_SPECIFIED_SOURCE ( 'ANY', '', #1345, .NOT_KNOWN. ) ;
#1375 = PERSON_AND_ORGANIZATION ( #1174, #1175 ) ;
#1376 = APPROVAL_STATUS ( 'not_yet_approved' ) ;
#1377 = APPROVAL ( #1376, 'UNSPECIFIED' ) ;
#1378 = APPROVAL_ROLE ( '' ) ;
#1379 = APPROVAL_PERSON_ORGANIZATION ( #1375, #1377, #1378 ) ;
#1380 = COORDINATED_UNIVERSAL_TIME_OFFSET ( 9, 0, .AHEAD. ) ;
#1381 = LOCAL_TIME ( 20, 11, 35.00000000000000000, #1380 ) ;
#1382 = CALENDAR_DATE ( 2013, 18, 7 ) ;
#1383 = DATE_AND_TIME ( #1382, #1381 ) ;
#1384 = APPROVAL_DATE_TIME ( #1383, #1377 ) ;
#1385 = CC_DESIGN_APPROVAL ( #1377, ( #1374 ) ) ;
#1386 = PERSON_AND_ORGANIZATION ( #1174, #1175 ) ;
#1387 = PERSON_AND_ORGANIZATION_ROLE ( 'creator' ) ;
#1388 = CC_DESIGN_PERSON_AND_ORGANIZATION_ASSIGNMENT ( #1386, #1387, ( #1374 ) ) ;
#1389 = PERSON_AND_ORGANIZATION ( #1174, #1175 ) ;
#1390 = ORIENTED_EDGE ( 'NONE', *, *, #55, .F. ) ;
#1391 = EDGE_CURVE ( 'NONE', #1092, #799, #845, .T. ) ;
#1392 = EDGE_CURVE ( 'NONE', #76, #688, #850, .T. ) ;
#1393 = PERSON_AND_ORGANIZATION_ROLE ( 'design_supplier' ) ;
#1394 = CC_DESIGN_PERSON_AND_ORGANIZATION_ASSIGNMENT ( #1389, #1393, ( #1374 ) ) ;
#1395 = SECURITY_CLASSIFICATION_LEVEL ( 'unclassified' ) ;
#1396 = SECURITY_CLASSIFICATION ( '', '', #1395 ) ;
#1397 = PERSON_AND_ORGANIZATION ( #1174, #1175 ) ;
#1398 = PERSON_AND_ORGANIZATION_ROLE ( 'classification_officer' ) ;
#1399 = CC_DESIGN_PERSON_AND_ORGANIZATION_ASSIGNMENT ( #1397, #1398, ( #1396 ) ) ;
#1400 = COORDINATED_UNIVERSAL_TIME_OFFSET ( 9, 0, .AHEAD. ) ;
#1401 = LOCAL_TIME ( 20, 11, 35.00000000000000000, #1400 ) ;
#1402 = CALENDAR_DATE ( 2013, 18, 7 ) ;
#1403 = DATE_AND_TIME ( #1402, #1401 ) ;
#1404 = DATE_TIME_ROLE ( 'classification_date' ) ;
#1405 = CC_DESIGN_DATE_AND_TIME_ASSIGNMENT ( #1403, #1404, ( #1396 ) ) ;
#1406 = PERSON_AND_ORGANIZATION ( #1174, #1175 ) ;
#1407 = APPROVAL_STATUS ( 'not_yet_approved' ) ;
#1408 = APPROVAL ( #1407, 'UNSPECIFIED' ) ;
#1409 = APPROVAL_ROLE ( '' ) ;
#1410 = APPROVAL_PERSON_ORGANIZATION ( #1406, #1408, #1409 ) ;
#1411 = COORDINATED_UNIVERSAL_TIME_OFFSET ( 9, 0, .AHEAD. ) ;
#1412 = LOCAL_TIME ( 20, 11, 35.00000000000000000, #1411 ) ;
#1413 = CALENDAR_DATE ( 2013, 18, 7 ) ;
#1414 = DATE_AND_TIME ( #1413, #1412 ) ;
#1415 = APPROVAL_DATE_TIME ( #1414, #1408 ) ;
#1416 = CC_DESIGN_APPROVAL ( #1408, ( #1396 ) ) ;
#1417 = CC_DESIGN_SECURITY_CLASSIFICATION ( #1396, ( #1374 ) ) ;
#1418 = PRODUCT_RELATED_PRODUCT_CATEGORY ( 'detail', '', ( #1345 ) ) ;
#1419 = PRODUCT_DEFINITION_SHAPE ( 'NONE', 'NONE',  #1352 ) ;
#1420 = SHAPE_DEFINITION_REPRESENTATION ( #1419, #1137 ) ;
#1421 = ITEM_DEFINED_TRANSFORMATION ( 'NONE', 'NONE', #1152,  #1133 ) ;
#1422 =( REPRESENTATION_RELATIONSHIP ('NONE','NONE', #1147, #1137 ) REPRESENTATION_RELATIONSHIP_WITH_TRANSFORMATION ( #1421 )SHAPE_REPRESENTATION_RELATIONSHIP( ) );
#1423 = PRODUCT_DEFINITION_SHAPE ( 'NONE', 'NONE',  #1424 ) ;
#1424 = NEXT_ASSEMBLY_USAGE_OCCURRENCE ( 'NAUO1', ' ', ' ', #1184, #1352, $ ) ;
#1425 = EDGE_LOOP ( 'NONE', ( #148, #1610, #15, #60 ) ) ;
#1426 = SECURITY_CLASSIFICATION_LEVEL ( 'unclassified' ) ;
#1427 = SECURITY_CLASSIFICATION ( '', '', #1426 ) ;
#1428 = CC_DESIGN_SECURITY_CLASSIFICATION ( #1427, ( #1424 ) ) ;
#1429 = APPROVAL_STATUS ( 'not_yet_approved' ) ;
#1430 = APPROVAL ( #1429, 'UNKNOWN' ) ;
#1431 = CC_DESIGN_APPROVAL ( #1430, ( #1427 ) ) ;
#1432 = COORDINATED_UNIVERSAL_TIME_OFFSET ( 9, 0, .AHEAD. ) ;
#1433 = LOCAL_TIME ( 20, 11, 35.00000000000000000, #1432 ) ;
#1434 = CALENDAR_DATE ( 2013, 18, 7 ) ;
#1435 = DATE_AND_TIME ( #1434, #1433 ) ;
#1436 = COORDINATED_UNIVERSAL_TIME_OFFSET ( 9, 0, .AHEAD. ) ;
#1437 = LOCAL_TIME ( 20, 11, 35.00000000000000000, #1436 ) ;
#1438 = CALENDAR_DATE ( 2013, 18, 7 ) ;
#1439 = DATE_AND_TIME ( #1438, #1437 ) ;
#1440 = APPROVAL_DATE_TIME ( #1439, #1430 ) ;
#1441 = APPROVAL_ROLE ( '' ) ;
#1442 = EDGE_CURVE ( 'NONE', #64, #1601, #874, .T. ) ;
#1443 = ORIENTED_EDGE ( 'NONE', *, *, #87, .T. ) ;
#1444 = PERSON ( 'NAUO-PER1', 'UNSPECIFIED', 'UNSPECIFIED', ('UNSPECIFIED'), ('UNSPECIFIED'), ('UNSPECIFIED') ) ;
#1445 = ORGANIZATION ( 'NAUO-ORG1', 'UNSPECIFIED', 'UNSPECIFIED' ) ;
#1446 = PERSON_AND_ORGANIZATION ( #1444, #1445 ) ;
#1447 = APPROVAL_PERSON_ORGANIZATION ( #1446, #1430, #1441 ) ;
#1448 = DATE_TIME_ROLE ( 'classification_date' ) ;
#1449 = PERSON_AND_ORGANIZATION_ROLE ( 'classification_officer' ) ;
#1450 = CC_DESIGN_DATE_AND_TIME_ASSIGNMENT ( #1435, #1448, ( #1427 ) ) ;
#1451 = CC_DESIGN_PERSON_AND_ORGANIZATION_ASSIGNMENT ( #1446, #1449, ( #1427 ) ) ;
#1452 = CONTEXT_DEPENDENT_SHAPE_REPRESENTATION ( #1422, #1423 ) ;
#1453 = ITEM_DEFINED_TRANSFORMATION ( 'NONE', 'NONE', #1156,  #1133 ) ;
#1454 =( REPRESENTATION_RELATIONSHIP ('NONE','NONE', #1147, #1145 ) REPRESENTATION_RELATIONSHIP_WITH_TRANSFORMATION ( #1453 )SHAPE_REPRESENTATION_RELATIONSHIP( ) );
#1455 = PRODUCT_DEFINITION_SHAPE ( 'NONE', 'NONE',  #1456 ) ;
#1456 = NEXT_ASSEMBLY_USAGE_OCCURRENCE ( 'NAUO2', ' ', ' ', #1184, #1270, $ ) ;
#1457 = SECURITY_CLASSIFICATION_LEVEL ( 'unclassified' ) ;
#1458 = SECURITY_CLASSIFICATION ( '', '', #1457 ) ;
#1459 = CC_DESIGN_SECURITY_CLASSIFICATION ( #1458, ( #1456 ) ) ;
#1460 = EDGE_CURVE ( 'NONE', #594, #1569, #878, .T. ) ;
#1461 = VERTEX_POINT ( 'NONE', #882 ) ;
#1462 = VERTEX_POINT ( 'NONE', #883 ) ;
#1463 = EDGE_CURVE ( 'NONE', #1567, #126, #888, .T. ) ;
#1464 = APPROVAL_STATUS ( 'not_yet_approved' ) ;
#1465 = APPROVAL ( #1464, 'UNKNOWN' ) ;
#1466 = CC_DESIGN_APPROVAL ( #1465, ( #1458 ) ) ;
#1467 = COORDINATED_UNIVERSAL_TIME_OFFSET ( 9, 0, .AHEAD. ) ;
#1468 = LOCAL_TIME ( 20, 11, 35.00000000000000000, #1467 ) ;
#1469 = CALENDAR_DATE ( 2013, 18, 7 ) ;
#1470 = DATE_AND_TIME ( #1469, #1468 ) ;
#1471 = COORDINATED_UNIVERSAL_TIME_OFFSET ( 9, 0, .AHEAD. ) ;
#1472 = LOCAL_TIME ( 20, 11, 35.00000000000000000, #1471 ) ;
#1473 = CALENDAR_DATE ( 2013, 18, 7 ) ;
#1474 = DATE_AND_TIME ( #1473, #1472 ) ;
#1475 = APPROVAL_DATE_TIME ( #1474, #1465 ) ;
#1476 = APPROVAL_ROLE ( '' ) ;
#1477 = PERSON ( 'NAUO-PER2', 'UNSPECIFIED', 'UNSPECIFIED', ('UNSPECIFIED'), ('UNSPECIFIED'), ('UNSPECIFIED') ) ;
#1478 = ORGANIZATION ( 'NAUO-ORG2', 'UNSPECIFIED', 'UNSPECIFIED' ) ;
#1479 = PERSON_AND_ORGANIZATION ( #1477, #1478 ) ;
#1480 = APPROVAL_PERSON_ORGANIZATION ( #1479, #1465, #1476 ) ;
#1481 = DATE_TIME_ROLE ( 'classification_date' ) ;
#1482 = PERSON_AND_ORGANIZATION_ROLE ( 'classification_officer' ) ;
#1483 = CC_DESIGN_DATE_AND_TIME_ASSIGNMENT ( #1470, #1481, ( #1458 ) ) ;
#1484 = CC_DESIGN_PERSON_AND_ORGANIZATION_ASSIGNMENT ( #1479, #1482, ( #1458 ) ) ;
#1485 = CONTEXT_DEPENDENT_SHAPE_REPRESENTATION ( #1454, #1455 ) ;
#1486 = ORIENTED_EDGE ( 'NONE', *, *, #1576, .T. ) ;
#1487 = EDGE_CURVE ( 'NONE', #1462, #1603, #903, .T. ) ;
#1488 = EDGE_CURVE ( 'NONE', #1507, #35, #908, .T. ) ;
#1489 = EDGE_CURVE ( 'NONE', #222, #795, #918, .T. ) ;
#1490 = EDGE_LOOP ( 'NONE', ( #1250, #1249, #90, #1578, #1575, #199, #1563, #1001 ) ) ;
#1491 = ORIENTED_EDGE ( 'NONE', *, *, #1463, .F. ) ;
#1492 = EDGE_CURVE ( 'NONE', #31, #376, #942, .T. ) ;
#1493 = EDGE_CURVE ( 'NONE', #35, #454, #948, .T. ) ;
#1494 = EDGE_LOOP ( 'NONE', ( #577, #230, #101, #416 ) ) ;
#1495 = EDGE_CURVE ( 'NONE', #206, #358, #952, .T. ) ;
#1496 = ORIENTED_EDGE ( 'NONE', *, *, #106, .F. ) ;
#1497 = VERTEX_POINT ( 'NONE', #962 ) ;
#1498 = ADVANCED_FACE ( 'NONE', ( #970 ), #971, .F. ) ;
#1499 = EDGE_CURVE ( 'NONE', #1461, #170, #980, .T. ) ;
#1500 = VERTEX_POINT ( 'NONE', #991 ) ;
#1501 = ORIENTED_EDGE ( 'NONE', *, *, #925, .F. ) ;
#1502 = CLOSED_SHELL ( 'NONE', ( #65, #85, #120, #221, #188, #137, #632, #48, #28, #110, #1554, #1592, #37, #1597, #210, #713, #92, #152, #1269, #52, #1551, #109, #1546, #146, #129, #1521, #178, #10, #1564, #218, #693, #145, #1498, #41 ) ) ;
#1503 = ORIENTED_EDGE ( 'NONE', *, *, #118, .T. ) ;
#1504 = ORIENTED_EDGE ( 'NONE', *, *, #139, .T. ) ;
#1505 = EDGE_CURVE ( 'NONE', #1092, #231, #1009, .T. ) ;
#1506 = EDGE_CURVE ( 'NONE', #1500, #153, #1013, .T. ) ;
#1507 = VERTEX_POINT ( 'NONE', #1023 ) ;
#1508 = VERTEX_POINT ( 'NONE', #1030 ) ;
#1509 = EDGE_CURVE ( 'NONE', #82, #1556, #1041, .T. ) ;
#1510 = ORIENTED_EDGE ( 'NONE', *, *, #105, .F. ) ;
#1511 = ORIENTED_EDGE ( 'NONE', *, *, #1548, .F. ) ;
#1512 = ORIENTED_EDGE ( 'NONE', *, *, #1513, .F. ) ;
#1513 = EDGE_CURVE ( 'NONE', #168, #1500, #1051, .T. ) ;
#1514 = ADVANCED_FACE ( 'NONE', ( #1061 ), #1062, .F. ) ;
#1515 = EDGE_CURVE ( 'NONE', #1540, #1566, #1067, .T. ) ;
#1516 = ORIENTED_EDGE ( 'NONE', *, *, #46, .T. ) ;
#1517 = ORIENTED_EDGE ( 'NONE', *, *, #130, .T. ) ;
#1518 = ORIENTED_EDGE ( 'NONE', *, *, #671, .F. ) ;
#1519 = EDGE_CURVE ( 'NONE', #1599, #222, #1076, .T. ) ;
#1520 = EDGE_LOOP ( 'NONE', ( #1606, #1039, #1612, #285 ) ) ;
#1521 = ADVANCED_FACE ( 'NONE', ( #1086 ), #1087, .T. ) ;
#1522 = ORIENTED_EDGE ( 'NONE', *, *, #399, .F. ) ;
#1523 = VERTEX_POINT ( 'NONE', #1118 ) ;
#1524 = ORIENTED_EDGE ( 'NONE', *, *, #147, .T. ) ;
#1525 = EDGE_CURVE ( 'NONE', #125, #524, #1120, .T. ) ;
#1526 = ORIENTED_EDGE ( 'NONE', *, *, #131, .F. ) ;
#1527 = VERTEX_POINT ( 'NONE', #472 ) ;
#1528 = MANIFOLD_SOLID_BREP ( 'NONE', #1502 ) ;
#1529 = CLOSED_SHELL ( 'NONE', ( #712, #1555, #651, #6, #1514, #157, #1020, #213, #32, #596 ) ) ;
#1530 = EDGE_CURVE ( 'NONE', #795, #1195, #487, .T. ) ;
#1531 = ORIENTED_EDGE ( 'NONE', *, *, #1505, .T. ) ;
#1532 = ORIENTED_EDGE ( 'NONE', *, *, #94, .F. ) ;
#1533 = ORIENTED_EDGE ( 'NONE', *, *, #1580, .T. ) ;
#1534 = ORIENTED_EDGE ( 'NONE', *, *, #1489, .F. ) ;
#1535 = EDGE_LOOP ( 'NONE', ( #198, #63, #250, #202 ) ) ;
#1536 = ORIENTED_EDGE ( 'NONE', *, *, #100, .F. ) ;
#1537 = ORIENTED_EDGE ( 'NONE', *, *, #560, .T. ) ;
#1538 = ORIENTED_EDGE ( 'NONE', *, *, #171, .T. ) ;
#1539 = VERTEX_POINT ( 'NONE', #554 ) ;
#1540 = VERTEX_POINT ( 'NONE', #555 ) ;
#1541 = EDGE_CURVE ( 'NONE', #1497, #57, #556, .T. ) ;
#1542 = ORIENTED_EDGE ( 'NONE', *, *, #176, .F. ) ;
#1543 = ORIENTED_EDGE ( 'NONE', *, *, #1509, .F. ) ;
#1544 = ORIENTED_EDGE ( 'NONE', *, *, #141, .F. ) ;
#1545 = EDGE_LOOP ( 'NONE', ( #58, #56 ) ) ;
#1546 = ADVANCED_FACE ( 'NONE', ( #588 ), #589, .F. ) ;
#1547 = EDGE_CURVE ( 'NONE', #1568, #855, #601, .T. ) ;
#1548 = EDGE_CURVE ( 'NONE', #20, #1527, #605, .T. ) ;
#1549 = ORIENTED_EDGE ( 'NONE', *, *, #1547, .F. ) ;
#1550 = VERTEX_POINT ( 'NONE', #609 ) ;
#1551 = ADVANCED_FACE ( 'NONE', ( #610 ), #611, .T. ) ;
#1552 = EDGE_CURVE ( 'NONE', #855, #179, #625, .T. ) ;
#1553 = EDGE_CURVE ( 'NONE', #1567, #35, #629, .T. ) ;
#1554 = ADVANCED_FACE ( 'NONE', ( #641 ), #642, .F. ) ;
#1555 = ADVANCED_FACE ( 'NONE', ( #647 ), #648, .F. ) ;
#1556 = VERTEX_POINT ( 'NONE', #656 ) ;
#1557 = ORIENTED_EDGE ( 'NONE', *, *, #1525, .F. ) ;
#1558 = EDGE_LOOP ( 'NONE', ( #9, #1196, #436, #167 ) ) ;
#1559 = ORIENTED_EDGE ( 'NONE', *, *, #377, .F. ) ;
#1560 = EDGE_LOOP ( 'NONE', ( #111, #1373, #71, #166, #1526, #69 ) ) ;
#1561 = EDGE_LOOP ( 'NONE', ( #217, #1501, #1127, #946 ) ) ;
#1562 = EDGE_CURVE ( 'NONE', #124, #1550, #708, .T. ) ;
#1563 = ORIENTED_EDGE ( 'NONE', *, *, #1463, .T. ) ;
#1564 = ADVANCED_FACE ( 'NONE', ( #717 ), #718, .T. ) ;
#1565 = ORIENTED_EDGE ( 'NONE', *, *, #798, .T. ) ;
#1566 = VERTEX_POINT ( 'NONE', #727 ) ;
#1567 = VERTEX_POINT ( 'NONE', #728 ) ;
#1568 = VERTEX_POINT ( 'NONE', #738 ) ;
#1569 = VERTEX_POINT ( 'NONE', #739 ) ;
#1570 = ORIENTED_EDGE ( 'NONE', *, *, #141, .T. ) ;
#1571 = EDGE_LOOP ( 'NONE', ( #43, #3, #1518, #1516 ) ) ;
#1572 = EDGE_CURVE ( 'NONE', #1601, #1569, #741, .T. ) ;
#1573 = EDGE_CURVE ( 'NONE', #103, #25, #747, .T. ) ;
#1574 = ORIENTED_EDGE ( 'NONE', *, *, #1519, .T. ) ;
#1575 = ORIENTED_EDGE ( 'NONE', *, *, #1506, .T. ) ;
#1576 = EDGE_CURVE ( 'NONE', #192, #183, #751, .T. ) ;
#1577 = EDGE_CURVE ( 'NONE', #594, #64, #759, .T. ) ;
#1578 = ORIENTED_EDGE ( 'NONE', *, *, #1513, .T. ) ;
#1579 = EDGE_LOOP ( 'NONE', ( #1600, #155, #854, #207, #113, #923 ) ) ;
#1580 = EDGE_CURVE ( 'NONE', #1160, #710, #774, .T. ) ;
#1581 = EDGE_LOOP ( 'NONE', ( #670, #1126, #287, #924 ) ) ;
#1582 = EDGE_LOOP ( 'NONE', ( #49, #1178, #23, #133 ) ) ;
#1583 = EDGE_LOOP ( 'NONE', ( #1537, #456, #1511, #437 ) ) ;
#1584 = ORIENTED_EDGE ( 'NONE', *, *, #1577, .F. ) ;
#1585 = ORIENTED_EDGE ( 'NONE', *, *, #889, .T. ) ;
#1586 = EDGE_CURVE ( 'NONE', #40, #1568, #779, .T. ) ;
#1587 = EDGE_CURVE ( 'NONE', #1568, #170, #788, .T. ) ;
#1588 = ORIENTED_EDGE ( 'NONE', *, *, #38, .F. ) ;
#1589 = VERTEX_POINT ( 'NONE', #283 ) ;
#1590 = ORIENTED_EDGE ( 'NONE', *, *, #286, .F. ) ;
#1591 = ORIENTED_EDGE ( 'NONE', *, *, #1515, .F. ) ;
#1592 = ADVANCED_FACE ( 'NONE', ( #318 ), #319, .F. ) ;
#1593 = EDGE_CURVE ( 'NONE', #710, #1603, #326, .T. ) ;
#1594 = ORIENTED_EDGE ( 'NONE', *, *, #834, .F. ) ;
#1595 = ORIENTED_EDGE ( 'NONE', *, *, #1573, .T. ) ;
#1596 = VERTEX_POINT ( 'NONE', #351 ) ;
#1597 = ADVANCED_FACE ( 'NONE', ( #370 ), #371, .F. ) ;
#1598 = ORIENTED_EDGE ( 'NONE', *, *, #1305, .T. ) ;
#1599 = VERTEX_POINT ( 'NONE', #467 ) ;
#1600 = ORIENTED_EDGE ( 'NONE', *, *, #1562, .T. ) ;
#1601 = VERTEX_POINT ( 'NONE', #511 ) ;
#1602 = ORIENTED_EDGE ( 'NONE', *, *, #180, .F. ) ;
#1603 = VERTEX_POINT ( 'NONE', #548 ) ;
#1604 = VERTEX_POINT ( 'NONE', #549 ) ;
#1605 = ORIENTED_EDGE ( 'NONE', *, *, #633, .T. ) ;
#1606 = ORIENTED_EDGE ( 'NONE', *, *, #1562, .F. ) ;
#1607 = ORIENTED_EDGE ( 'NONE', *, *, #91, .T. ) ;
#1608 = EDGE_LOOP ( 'NONE', ( #134, #128, #1504, #1503 ) ) ;
#1609 = ORIENTED_EDGE ( 'NONE', *, *, #377, .T. ) ;
#1610 = ORIENTED_EDGE ( 'NONE', *, *, #191, .F. ) ;
#1611 = EDGE_CURVE ( 'NONE', #1596, #1523, #755, .T. ) ;
#1612 = ORIENTED_EDGE ( 'NONE', *, *, #689, .T. ) ;
#1613 = ORIENTED_EDGE ( 'NONE', *, *, #1392, .T. ) ;
ENDSEC;
END-ISO-10303-21;
