Designator,Mid X,Mid Y,Rotation,Layer
J1,3.825,5.575,90.0,top
J2,4.1,21.775,90.0,top
J3,12.594999,4.929999,270.0,top
J4,12.61,22.470001,270.0,top
